Product;UPC
ALASKAN COD CAKES   ;99482453046
ALASKAN COD CAKES   ;99482453039
ALBACORE WILD TUNA IN WATER   ;99482470685
ALKALINE WATER   ;99482464967
ALKALINE WATER   ;99482464974
ALL DRESSED POTATO CHIPS   ;99482463915
ALMOND BUTTER   ;99482465773
ALMONDMILK BEVERAGE   ;99482467081
ALMOND MILK FROZEN DESSERT   ;99482469641
ALMONDMILK   ;99482436230
ALMONDMILK   ;99482443498
ALMONDS   ;99482453299
ANGEL FOOD CAKE RASPBERRY   ;99482137359
ANIMAL COOKIES   ;99482417376
APPLE FROM CONCENTRATE   ;99482420963
APPLE SAUCE   ;99482465360
APPLE SAUCE   ;99482435653
APRICOT GOAT CHEESE SPREAD   ;99482802356
ARTICHOKE HEARTS   ;99482404062
ATLANTIC SALMON FILLETS   ;99482460945
ATLANTIC WHITE SHRIMP   ;99482448707
BAKED CRACKERS   ;99482406905
BAKING CHUNKS   ;99482447038
BAKING POWDER   ;99482427948
BARBECUE PEANUTS   ;99482464264
BEEF BROTH   ;99482442538
BEEF TAQUITOS   ;99482443962
BEER BATTERED COD FILLETS   ;99482453077
BELGIAN LITTLE BITES   ;99482417871
BERRY BLEND   ;99482466398
BERRY BOUNTY TRAIL MIX   ;99482436322
BERRY MEDLEY   ;99482401290
BLACK BEANS   ;99482414221
BLACK BEANS   ;99482421168
BLACK-EYED PEAS   ;99482441623
BLACK PEPPERCORN SHRIMP POPPERS   ;99482461041
BLACK SESAME RICE CRACKERS   ;99482463694
BLACK TEA   ;99482456115
BLANCHED SHELLED EDAMAME SOYBEANS   ;99482462963
BLUE CATFISH FILLETS   ;99482460952
BREAD & CIRCUS BAKEHOUSE  ORGANIC CHALLAH BUN   ;99482137366
BREAD CRUMBS   ;99482450380
BREAKFAST SAUSAGE   ;99482465278
BREAKFAST SAUSAGE   ;99482465247
BRIOCHE ROLLS   ;99482468767
BROCCOLI & CHEESE SOUP   ;99482803704
BROCCOLI & CHEESE SOUP   ;99482801526
BROTH   ;99482460273
BROWNIE MIX   ;99482468262
BROWNIES   ;99482466282
BURGER BUNS   ;99482137274
BUTTER COOKIES   ;99482461423
BUTTERFLY SHRIMP   ;99482461010
BUTTERNUT SQUASH BISQUE   ;99482801649
BUTTER SHORTBREAD   ;99482463274
CAGE-FREE LARGE BROWN EGGS   ;99482463472
CANDIED WALNUTS   ;99482465087
CANDY CANE PRETZEL FLATS   ;99482452834
CANE SUGAR   ;99482424121
CANNELLINI BEANS   ;99482414306
CANOLA OIL   ;99482450762
CANOLA OIL   ;99482454357
CAPE COD TRAIL MIX   ;99482463373
CARAMEL COATED SORGHUM & NUT CLUSTERS   ;99482463700
CARAMEL SEA SALT CHOCOLATE CHIP   ;99482461409
CARIBBEAN BARBECUE SEASONING   ;99482406851
CARIBBEAN MIX FRUIT BARS   ;99482413439
CASHEWS   ;99482434236
CASHEWS   ;99482463397
CEREAL BARS   ;99482409326
CEREAL BARS   ;99482409302
CHEDDAR CHEESE BALL   ;99482460846
CHEDDAR CHEESE   ;99482459987
CHEDDAR CHEESE   ;99482412463
CHEESECAKE SANDWICH CREMES   ;99482443016
CHEESE RAVIOLI IN TOMATO SAUCE   ;99482417956
CHEESE   ;99482420574
CHICKEN BROTH   ;99482442514
CHICKEN NOODLE SOUP   ;99482460150
CHICKEN TORTILLA SOUP   ;99482801533
CHICKEN WITH RICE SOUP   ;99482806590
CHICKEN WITH RICE SOUP   ;99482806293
CHOCOLATE BROWNIES   ;99482466190
CHOCOLATE CANDY CANE SANDWICH CREMES   ;99482442989
CHOCOLATE CHIP COOKIES   ;99482421328
CHOCOLATE CREPES   ;99482468781
CHOCOLATE MILK   ;99482430535
CHOCOLATE SPRINKLES   ;99482471064
CHOCOLATE TRUFFLES   ;99482405793
CHOPPED SALAD KIT   ;99482469351
CHOWDER   ;99482466923
CHUNK WHITE ALBACORE TUNA IN WATER   ;99482464295
CINNAMON ROLLS   ;99482466206
CLASSIC CHOCOLATE CAKE MIX   ;99482468309
CLASSIC CREPES   ;99482468774
CLASSIC ENGLISH MUFFINS   ;99482456030
COCONUT MACAROONS   ;99482466220
COCONUT WATER   ;99482444105
COCONUT WATER   ;99482444143
COCONUT WHIPPED TOPPING   ;99482466374
COLA   ;99482439316
COLBY JACK CHEESE   ;99482459642
COLD PROCESSED OLIVE OIL   ;99482400064
CONDENSED MILK   ;99482451363
COOKIES   ;99482421311
COOKIES   ;99482466299
CORNBREAD & MUFFIN MIX   ;99482468279
CORN TORTILLAS   ;99482406165
CRACKER CUT CHEESE   ;99482444150
CRACKERS   ;99482420475
CRANBERRY ANTIOXIDANTS NUTRIENT ENHANCED WATER BEVERAGE   ;99482454616
CRANBERRY 100% JUICE   ;99482406554
CREAM CHEESE   ;99482402242
CRINKLE CUT FRENCH FRIES   ;99482400705
CRISPY ONIONS SALTED PIECES   ;99482465438
CROISSANTS FRENCH RECIPE   ;99482468873
CRUSHED TOMATOES WITH BASIL   ;99482418359
CULTURED LOWFAT BUTTERMILK   ;99482428525
CULTURED LOWFAT BUTTERMILK   ;99482434632
CUT GREEN BEANS   ;99482441616
CUT OKRA   ;99482410483
DARK CHOCOLATE CARAMEL SEA SALT   ;99482461836
DARK CHOCOLATE & MACADAMIA NUT BUTTER COOKIES   ;99482461195
DARK CHOCOLATE MARSHMALLOW SQUARES   ;99482437084
DARK CHOCOLATE PEAR ALMOND   ;99482439101
DARK CHOCOLATE PEPPERMINT   ;99482461843
DARK CHOCOLATE   ;99482439088
DARK CHOCOLATE   ;99482452827
DARK CHOCOLATE   ;99482439071
DARK SWEET CHERRIES   ;99482404871
DICED TOMATOES   ;99482401160
DICED TOMATOES   ;99482414436
DICED TOMATOES WITH ITALIAN HERBS   ;99482418366
DIJON MUSTARD   ;99482407094
DILL PICKLE ALMONDS   ;99482464271
DILL PICKLES   ;99482413699
DILL SPEARS   ;99482426637
DISTILLED WATER   ;99482402662
DRESSING   ;99482469566
DRESSING   ;99482469474
DRESSING   ;99482428051
DRIZZLED KETTLE CORN   ;99482439651
EGG NOG   ;99482424824
EGG NOG   ;99482424831
ELECTROLYTE WATER   ;99482422042
ENGINE 2  BROWN RICE TORTILLAS   ;99482443511
ENGINE 2  PLAIN JANE GRANOLA   ;99482443795
ENGINE 2  PLANT-STRONG  CLASSIC TOMATO BASIL PASTA SAUCE   ;99482443672
ENGINE 2  PLANT STRONG  FALAFEL HUMMUS   ;99482443658
ENGINE 2  PLANT-STRONG  HUMMUS  JALAPENO  CILANTRO   ;99482443559
ENGINE 2  PLANT-STRONG  ORGANIC CRISPBREAD TRIPLE SEED   ;99482443450
ENGINE 2  PLANT-STRONG  ORGANIC MOROCCAN STYLE STEW   ;99482443863
ENGINE  PLANT-STRONG  ORGANIC ORIGINAL CRISPBREAD   ;99482443443
ENGINE 2  PLANT-STRONG  ORGANIC RISPBREAD  SEEDS & SPICE   ;99482443641
ENGINE 2  PLANT-STRONG  PINTO HABANERO PLANT BURGER   ;99482443733
ENGINE 2  PLANT-STRONG  PLANT BURGERS  ITALIAN FENNEL   ;99482443740
ENGINE 2  PLANT-STRONG  PLANT BURGERS  TUSCAN KALE WHITE BEAN   ;99482443634
ENGINE 2  PLANT-STRONG  RED BELL PEPPER MARINARA PASTA SAUCE   ;99482443689
ENGINE 2  PLANT-STRONG  RIP'S BIG BOWL BANANA WALNUT   ;99482443429
ENGINE 2  PLANT-STRONG  RIP'S BIG BOWL  ORIGINAL   ;99482443412
ENGINE 2  PLANT-STRONG  RIP'S BIG BOWL TRIPLE BERRY WALNUT   ;99482443436
ENGINE 2  PLANT-STRONG  ROASTED RED PEPPER HUMMUS   ;99482443542
ENGINE 2  PLANT-STRONG  SPICY BLACK BEAN HUMMUS   ;99482443665
ENGINE 2  PLANT-STRONG  SWEET POTATO & CINNAMON POPPED CRISPS   ;99482443696
ENGINE 2  PLANT-STRONG  TRADITIONAL HUMMUS   ;99482443535
ENGINE 2  POBLANO BLACK BEANS   ;99482443610
365 EVERDAY VALUE  CONCORD GRAPE JELLY   ;99482439484
365 EVERYDAY VALUE  ALMOND BUTTER  CREAMY   ;99482449506
365 EVERYDAY VALUE  ALMOND OIL   ;99482446864
365 EVERYDAY VALUE  ALMONDS   ;99482454852
365EVERYDAY VALUE  AMONDS  ROASTED & SALTED   ;99482434168
365 EVERYDAY VALUE  ARTICHOKE QUARTERS PACKED IN WATER   ;99482441982
365 EVERYDAY VALUE  ASSORTED ENTERTAINMENT CRACKERS   ;99482415389
365 EVERYDAY VALUE  BAKED NAAN CHIPS  GREEN CHILI CHUTNEY   ;99482452858
365 EVERYDAY VALUE  BAKED NAAN CHIPS   ;99482452865
365 EVERYDAY VALUE  BAKED PITA CHIPS  SEA SALT   ;99482424053
365 EVERYDAY VALUE  BAKED PITA CHIPS   ;99482424039
365 EVERYDAY VALUE  BAKING SODA   ;99482427931
365 EVERYDAY VALUE  BALSAMIC VINAIGRETTE   ;99482453671
365 EVERYDAY VALUE  BALSAMIC VINEGAR   ;99482452216
365 EVERYDAY VALUE  BALSAMIC VINEGAR   ;99482438166
365 EVERYDAY VALUE  BANANA SLICES   ;99482453152
365 EVERYDAY VALUE  BARBECUE SAUCE   ;99482454821
365 EVERYDAY VALUE  BARBECUE SAUCE   ;99482454791
365 EVERYDAY VALUE  BARLEY & GREEN LENTILS   ;99482455125
365 EVERYDAY VALUE  BASIL PESTO   ;99482423650
365 EVERYDAY VALUE  BEEF & BARLEY SOUP   ;99482442682
365 EVERYDAY VALUE  BEEF LASAGNA   ;99482438524
365 EVERYDAY VALUE  BEETS SLICED   ;99482441586
365 EVERYDAY VALUE  BITE-SIZED FROSTED WHEAT SQUARES   ;99482438869
365 EVERYDAY VALUE  BLACK BEAN & CORN SALSA   ;99482426408
365 EVERYDAY VALUE  BLACK BEANS   ;99482452704
365 EVERYDAY VALUE  BLACK CHIA SEED   ;99482450663
365 EVERYDAY VALUE  BLACK LENTILS   ;99482438401
365 EVERYDAY VALUE  BLUEBERRIES   ;99482450755
365 EVERYDAY VALUE  BLUEBERRY WAFFLES   ;99482436971
365 EVERYDAY VALUE  BLUE CHEESE CRUMBLES   ;99482407490
365 EVERYDAY VALUE  BREAD CRUMBS  PANKO   ;99482450403
365 EVERYDAY VALUE  BREAD CRUMBS   ;99482450373
365 EVERYDAY VALUE  BREAD CRUMBS WHOLE WHEAT   ;99482450397
365 EVERYDAY VALUE  BREADED CHICKENLESS NUGGETS   ;99482443092
365 EVERYDAY VALUE  BREADED CHICKENLESS PATTIES   ;99482443085
365 EVERYDAY VALUE  BREADED CHICKEN NUGGETS   ;99482452155
365 EVERYDAY VALUE  BUTTER   ;99482446710
365 EVERYDAY VALUE  CANNELLINI BEANS   ;99482441869
365 EVERYDAY VALUE  CANNELLINI BEANS   ;99482455835
365 EVERYDAY VALUE  CANNELLINI BEANS   ;99482441661
365 EVERYDAY VALUE  CANOLA OIL   ;99482446079
365 EVERYDAY VALUE  CANTINA STYLE SALSA  KICK O' JALAPENO   ;99482461072
365 EVERYDAY VALUE  CANTINA STYLE SALSA  MILD POBLANO   ;99482461065
365 EVERYDAY VALUE  CANTINA STYLE SALSA   ;99482440060
365 EVERYDAY VALUE  CAPE COD TRAIL MIX   ;99482434595
365 EVERYDAY VALUE  CARNIVAL TRAIL MIX  CHOCOLATE CHERRY   ;99482434588
365 EVERYDAY VALUE  CASHEWS  ROASTED & SALTED   ;99482434229
365 EVERYDAY VALUE  CAYENNE PEPPER   ;99482444709
365 EVERYDAY VALUE  CHEESE CURLS   ;99482428778
365 EVERYDAY VALUE  CHEESE ENCHILADAS   ;99482453374
365 EVERYDAY VALUE  CHERRY & BERRY MIX   ;99482440237
365 EVERYDAY VALUE  CHEWY GRANOLA BARS  BLUEBERRY VANILLA   ;99482454456
365 EVERYDAY VALUE  CHEWY GRANOLA BARS  DARK CHOCOLATE CHIP PEANUT BUTTER   ;99482454449
365 EVERYDAY VALUE  CHICKEN & BBQ SAUCE   ;99482442897
365 EVERYDAY VALUE  CHICKEN BROTH   ;99482460280
365 EVERYDAY VALUE  CHICKEN TAQUITOS   ;99482443955
365 EVERYDAY VALUE  CHICKEN & WILD RICE SOUP   ;99482442705
365 EVERYDAY VALUE  CHOCOLATE CHIP COOKIE BITES   ;99482461287
365 EVERYDAY VALUE  CHOCOLATE SYRUP   ;99482456146
365 EVERYDAY VALUE  CHOPPED PECANS   ;99482434489
365 EVERYDAY VALUE  CHOPPED WALNUTS   ;99482434625
365 EVERYDAY VALUE  CHUNK LIGHT TUNA IN WATER   ;99482448790
365 EVERYDAY VALUE  CHUNK LIGHT TUNA   ;99482448783
365 EVERYDAY VALUE  CHUNK WHITE ALBACORE TUNA   ;99482448769
365 EVERYDAY VALUE  CHUNK WHITE ALBACORE TUNA   ;99482448776
365 EVERYDAY VALUE  CHUNKY BLUE CHEESE DRESSING   ;99482453688
365 EVERYDAY VALUE  CLASSIC WHITE BREAD   ;99482455842
365 EVERYDAY VALUE  CLUB SODA   ;99482411763
365 EVERYDAY VALUE  COCOA RICE CRISPS   ;99482438937
365 EVERYDAY VALUE  COCONUT CRAZE GRANOLA   ;99482458683
365 EVERYDAY VALUE  COCONUT WATER   ;99482444136
365 EVERYDAY VALUE  COFFEE CREAMER  HAZELNUT NATURALLY FLAVORED   ;99482439408
365 EVERYDAY VALUE  COLBY JACK CHEESE STICK   ;99482439149
365 EVERYDAY VALUE  CONDENSED SOUP  CREAM OF MUSHROOM   ;99482460211
365 EVERYDAY VALUE  CORN FLAKES   ;99482439002
365 EVERYDAY VALUE  CORN STARCH   ;99482460778
365 EVERYDAY VALUE  COTTAGE CHEESE   ;99482436537
365 EVERYDAY VALUE  COUSCOUS  GARLIC & OLIVE OIL   ;99482447922
365 EVERYDAY VALUE  CRACKED WHEAT CRACKERS   ;99482436926
365 EVERYDAY VALUE  CRACKED WHEAT CRACKERS   ;99482411572
365 EVERYDAY VALUE  CREAM CHEESE SPREAD   ;99482412296
365 EVERYDAY VALUE  CREAM OF MUSHROOM CONDENSED SOUP   ;99482442712
365 EVERYDAY VALUE  CREAM OF TARTER   ;99482444785
365 EVERYDAY VALUE  CREAMY CASHEW BUTTER   ;99482449520
365 EVERYDAY VALUE  CREAMY VODKA PAST SAUCE   ;99482455767
365 EVERYDAY VALUE  CRINKLE CUT SWEET POTATO FRIES   ;99482442941
365 EVERYDAY VALUE  CRISPY ONIONS SALTED PIECES   ;99482451271
365 EVERYDAY VALUE  CROUTONS  CHEESE & GARLIC   ;99482421403
365 EVERYDAY VALUE  CRUNCHY ALMOND BUTTER   ;99482449513
365 EVERYDAY VALUE  CRUNCHY PEANUT BUTTER   ;99482450311
365 EVERYDAY VALUE  CRUNCHY PRETZEL STICKS   ;99482435462
365 EVERYDAY VALUE  CRUSHED PINEAPPLE   ;99482441715
365 EVERYDAY VALUE  CRUSHED RED PEPPER   ;99482444952
365 EVERYDAY VALUE  DARK RED KIDNEY BEANS   ;99482455804
365 EVERYDAY VALUE  DARK RED KIDNEY BEANS   ;99482452728
365 EVERYDAY VALUE  DARK SWEET CHERRIES   ;99482446024
365 EVERYDAY VALUE  DELICIOUS NATURAL CHEESE  COLBY JACK   ;99482443344
365 EVERYDAY VALUE  DELICIOUS NATURAL CHEESE  EMMENTALER   ;99482434137
365 EVERYDAY VALUE  DELICIOUS NATURAL CHEESE  KOSHER CHEDDAR   ;99482434090
365 EVERYDAY VALUE  DELICIOUS NATURAL CHEESE  MUENSTER   ;99482416911
365 EVERYDAY VALUE  DELICIOUS NATURAL CHEESE  SMOOTH  CREAMY   ;99482434106
365 EVERYDAY VALUE  DICED FIRE ROASTED TOMATOES   ;99482442187
365 EVERYDAY VALUE  DICED FIRE ROASTED  TOMATOES   ;99482442170
365 EVERYDAY VALUE  DICED PEARS IN JUICE   ;99482441777
365 EVERYDAY VALUE  DOUBLE CONCENTRATED TOMATO PASTE   ;99482423322
365 EVERYDAY VALUE  DRIED CRANBERRIES   ;99482434250
365 EVERYDAY VALUE  DR. SNAP  DRINK   ;99482439293
365 EVERYDAY VALUE  ELECTROLYTE WATER   ;99482422004
365 EVERYDAY VALUE  ENRICHED EXTRA WIDE EGG NOODLES   ;99482448264
365 EVERYDAY VALUE  EXTRA FINE CORNICHONS FRENCH STYLE GHERKINS   ;99482441258
365 EVERYDAY VALUE  EXTRA LARGE BROWN GRADE A EGGS   ;99482459420
365 EVERYDAY VALUE  EXTRA VIRGIN OLIVE OIL   ;99482454722
365 EVERYDAY VALUE  EXTRA VIRGIN OLIVE OIL   ;99482444556
365 EVERYDAY VALUE  EXTRA WIDE EGG NOODLES   ;99482460426
365 EVERYDAY VALUE  FAT FREE BALSAMIC VINAIGRETTE   ;99482428075
365 EVERYDAY VALUE  FAT FREE MILK   ;99482413798
365 EVERYDAY VALUE  FAT FREE MILK   ;99482430283
365 EVERYDAY VALUE  FAT FREE SKIM MILK   ;99482459222
365 EVERYDAY VALUE  FAT FREE SKIM MILK   ;99482430276
365 EVERYDAY VALUE  FAT FREE SKIM MILK   ;99482430269
365 EVERYDAY VALUE  FAT & SODIUM POPCORN   ;99482453008
365 EVERYDAY VALUE  FAT & SODIUM POPCORN   ;99482435349
365 EVERYDAY VALUE  2% FAT VITAMIN A & D COW'S MILK   ;99482413736
365 EVERYDAY VALUE  FETA CHEESE   ;99482434120
365 EVERYDAY VALUE  FIBER BREAD  OAT & HONEY   ;99482449636
365 EVERYDAY VALUE  FIG BALSAMIC DRESSING   ;99482448202
365 EVERYDAY VALUE  FINE CRYSTALS SEA SALT   ;99482411312
365 EVERYDAY VALUE  FIRE ROASTED CANTINA STYLE SALSA   ;99482461058
365 EVERYDAY VALUE  FISH FILLETS   ;99482444242
365 EVERYDAY VALUE  FISH STRIPS   ;99482444266
365 EVERYDAY VALUE  FLATEBREADS  ORIGINAL   ;99482436179
365 EVERYDAY VALUE  FLAX WAFFLES   ;99482436988
365 EVERYDAY VALUE  FREEZE DRIED BLUEBERRIES   ;99482453138
365 EVERYDAY VALUE  FREEZE DRIED PINEAPPLE TIDBITS   ;99482453183
365 EVERYDAY VALUE  FREEZE DRIED STRAWBERRY SLICES   ;99482453121
365 EVERYDAY VALUE  FRENCH TOASTER STICKS   ;99482442835
365 EVERYDAY VALUE  FRENCH VANILLA STEVIA EXTRACT LIQUID   ;99482427962
365 EVERYDAY VALUE  FRENCH VANILLA STEVIA EXTRACT   ;99482455798
365 EVERYDAY VALUE  FRUIT SPREAD  APRICOT   ;99482460495
365 EVERYDAY VALUE  FRUIT SPREAD  RASPBERRY   ;99482460488
365 EVERYDAY VALUE  FRUIT SPREAD  RASPBERRY   ;99482410346
365 EVERYDAY VALUE  FRUIT SPREAD  STRAWBERRY   ;99482460471
365 EVERYDAY VALUE  FUSILLI PREMIUM ITALIAN PASTA  MACARONI PRODUCTS   ;99482431761
365 EVERYDAY VALUE  GOAT CHEESE   ;99482434045
365 EVERYDAY VALUE  GOLDEN ROUND CRACKERS   ;99482438470
365 EVERYDAY VALUE  GOUDA CHEESE SLICES   ;99482460006
365 EVERYDAY VALUE  GRADE A MAPLE SYRUP   ;99482408411
365 EVERYDAY VALUE  GRADE A ORGANIC LOWFAT YOGURT  BLUEBERRY LEMON   ;99482453893
365 EVERYDAY VALUE  8 GRAIN BREAD   ;99482449667
365 EVERYDAY VALUE  GRANNY SMITH APPLE SLICES   ;99482453176
365 EVERYDAY VALUE  GRAPEFRUIT JUICE   ;99482406981
365 EVERYDAY VALUE  GRATED PARMESAN CHEESE   ;99482457488
365 EVERYDAY VALUE  GRILLED BARBECUE SAUCE  PINEAPPLE & MOONSHINE   ;99482458669
365 EVERYDAY VALUE  GROUND ORGANIC SESAME SEEDS TAHINI   ;99482444495
365 EVERYDAY VALUE  HALF & HALF   ;99482426309
365 EVERYDAY VALUE  HALF & HALF   ;99482459352
365 EVERYDAY VALUE  HALF & HALF   ;99482459345
365 EVERYDAY VALUE  HARICOTS VERTS   ;99482407551
365 EVERYDAY VALUE  HEAVY CREAM   ;99482433383
365 EVERYDAY VALUE  HEAVY CREAM   ;99482459338
365 EVERYDAY VALUE  HEMP SEED   ;99482454753
365 EVERYDAY VALUE  HODGEPODGE HARVEST TRAIL MIX   ;99482434601
365 EVERYDAY VALUE  HONEY MUSTARD  PALE ALE   ;99482454340
365 EVERYDAY VALUE  HOT COCOA DRINK MIX   ;99482456818
365 EVERYDAY VALUE  HOT DOG BUNS   ;99482456009
365 EVERYDAY VALUE  HOT SAUCE  HABANERO   ;99482450366
365 EVERYDAY VALUE  ICE CREAM  BUTTER PECAN   ;99482450885
365 EVERYDAY VALUE  ICE CREAM SANDWICH   ;99482449674
365 EVERYDAY VALUE  INDIAN BASMATI RICE   ;99482450526
365 EVERYDAY VALUE  INSTANT HOT CEREAL  MULTIGRAIN & CHIA TRIPLE BERRY   ;99482461157
365 EVERYDAY VALUE  ISLAND HOPPER TRAIL MIX   ;99482440176
365 EVERYDAY VALUE  ITALIAN HERB PASTA SAUCE   ;99482455736
365 EVERYDAY VALUE  JUICE FROM CONCENTRATE  FRUIT PUNCH   ;99482453992
365 EVERYDAY VALUE  100% JUICE  PRUNE   ;99482420888
365 EVERYDAY VALUE  JUST FRUIT STRAWBERRY FRUIT SPREAD  STRAWBERRY   ;99482410339
365 EVERYDAY VALUE  JUST WILD BLUEBERRY FRUIT SPREAD  BLUEBERRY   ;99482410377
365 EVERYDAY VALUE  KAHUNA CRUNCH TRAIL MIX   ;99482436315
365 EVERYDAY VALUE  KETTLE COOKED POTATO CHIPS   ;99482444518
365 EVERYDAY VALUE  KOSHER SEA SALT COARSE  SEA SALT   ;99482446116
365 EVERYDAY VALUE  LASAGNE   ;99482417086
365 EVERYDAY VALUE  LEMONADE  STRAWBERRY   ;99482440961
365 EVERYDAY VALUE  LEMONADE   ;99482456085
365 EVERYDAY VALUE  LEMON JUICE   ;99482424220
365 EVERYDAY VALUE  LIGHT BALSAMIC  VINAIGRETTE   ;99482448240
365 EVERYDAY VALUE  LIGHT CREAM   ;99482433376
365 EVERYDAY VALUE  LIGHT-CREAM   ;99482459321
365 EVERYDAY VALUE  LIGHTLY SALTED TORTILLA CHIPS  MULTIGRAIN   ;99482435530
365 EVERYDAY VALUE  LITTLE CUBBIES CEREAL  OAT & CORN  MARSHMALLOW BITES   ;99482452964
365 EVERYDAY VALUE  LOWFAT CHOCOLATE MILK  CHOCOLATE   ;99482430559
365 EVERYDAY VALUE  LOWFAT CHOCOLATE MILK   ;99482430290
365 EVERYDAY VALUE  LOW FAT COTTAGE CHEESE   ;99482436520
365 EVERYDAY VALUE  LOW FAT MILK   ;99482430122
365 EVERYDAY VALUE  1% LOW FAT MILK   ;99482430139
365 EVERYDAY VALUE  LOWFAT MILK   ;99482430115
365 EVERYDAY VALUE  LOW FAT MILK   ;99482413743
365 EVERYDAY VALUE  LOW FAT MILK   ;99482423148
365 EVERYDAY VALUE  1% LOWFAT MILK   ;99482430252
365 EVERYDAY VALUE  1% LOWFAT MILK   ;99482430238
365 EVERYDAY VALUE  1% LOWFAT MILK   ;99482459260
365 EVERYDAY VALUE  LOW-MOISTURE PART-SKIM SHREDDED MOZZARELLA CHEESE   ;99482434748
365 EVERYDAY VALUE  MACADAMIA NUTS   ;99482440213
365 EVERYDAY VALUE  MACARONI & CHEESE   ;99482438197
365 EVERYDAY VALUE  MACARONI & CHEESE   ;99482427702
365 EVERYDAY VALUE  MANGO HABANERO PICKLE CHIPS   ;99482458355
365 EVERYDAY VALUE  MANGO LEMO0NADE   ;99482440978
365 EVERYDAY VALUE  MANGO SLICED   ;99482434373
365 EVERYDAY VALUE  MAPLE & SPICE INSTANT OATMEAL   ;99482419899
365 EVERYDAY VALUE  MARINARA PASTA SAUCE   ;99482455705
365 EVERYDAY VALUE  MARINATED ARTICHOKE QUARTERS   ;99482441999
365 EVERYDAY VALUE  MARMALADE FRUIT SPREAD  ORANGE   ;99482460518
365 EVERYDAY VALUE  MASHED POTATOES  GARLIC   ;99482430887
365 EVERYDAY VALUE  MEATLESS MEATBALLS   ;99482443108
365 EVERYDAY VALUE  100% MEDITERRANEAN BLEND EXTRA VIRGIN OLIVE OIL   ;99482454715
365 EVERYDAY VALUE  MICROWAVE POPCORN   ;99482428495
365 EVERYDAY VALUE  MIGHTY MULTIGRAIN   ;99482430962
365 EVERYDAY VALUE  MILD ITALIAN CHICKEN SAUSAGE   ;99482451387
365 EVERYDAY VALUE  1% MILKFAT LOWFAT MILK   ;99482430245
365 EVERYDAY VALUE  2% MILKFAT REDUCED MILK   ;99482459239
365 EVERYDAY VALUE  MILK   ;99482413781
365 EVERYDAY VALUE  MILK   ;99482423124
365 EVERYDAY VALUE  MINESTRONE SOUP   ;99482442620
365 EVERYDAY VALUE  MINESTRONE WITH FARRO SOUP   ;99482460181
365 EVERYDAY VALUE  MINI BAKING CHIPS  WHITE CHOCOLATE   ;99482447076
365 EVERYDAY VALUE  MINI CORN DOGS   ;99482457600
365 EVERYDAY VALUE  MINI PIZZAS  THREE CHEESE   ;99482412753
365 EVERYDAY VALUE  MIXED NUTS   ;99482434274
365 EVERYDAY VALUE  MONTEREY JACK CHEESE   ;99482412425
365 EVERYDAY VALUE  MORNING O'S  HONEY & NUT  LIGHTLY SWEETENED ORGANIC WHOLE GRAIN OAT & RICE FLOUR CEREAL  WITH REAL ORGANIC HONEY & ALMONDS   ;99482452940
365 EVERYDAY VALUE  MORNING O'S MULTI-GRAIN   ;99482438975
365 EVERYDAY VALUE  MORNING O'S ORGANIC WHOLE GRAIN OAT & RICE FLOUR CEREAL   ;99482439040
365 EVERYDAY VALUE  MOUNTAIN FOREST HONEY  AMBER   ;99482446130
365 EVERYDAY VALUE  MOZZARELLA CHEESE   ;99482412487
365 EVERYDAY VALUE  MULTIGRAIN FIBER BREAD   ;99482449629
365 EVERYDAY VALUE  MULTIGRAINS & SEED BREAD   ;99482455866
365 EVERYDAY VALUE  MULTIGRAIN STUFFING MIX   ;99482439255
365 EVERYDAY VALUE  MULTIGRAIN WAFFLES   ;99482442828
365 EVERYDAY VALUE  NAAN CHIPS TAMAIND   ;99482452872
365 EVERYDAY VALUE  100% NATURALLY FLAVORED JUICE  POMEGRANATE   ;99482421045
365 EVERYDAY VALUE  NONFAT MILK   ;99482437855
365 EVERYDAY VALUE  NONFAT YOGURT   ;99482446826
365 EVERYDAY VALUE  OLIVE OIL   ;99482438142
365 EVERYDAY VALUE  ORGANIC - 100% APPLE JUICE   ;99482454005
365 EVERYDAY VALUE  ORGANIC APPLE SAUCE  CINNAMON   ;99482435660
365 EVERYDAY VALUE  ORGANIC APPLE SAUCE  MIXED BERRY   ;99482435707
365 EVERYDAY VALUE  ORGANIC BARBECUE SAUCE   ;99482454784
365 EVERYDAY VALUE  ORGANIC BARLEY  PEAS & LENTILS   ;99482455170
365 EVERYDAY VALUE  ORGANIC BEEF JERKEY  ORIGINAL   ;99482415198
365 EVERYDAY VALUE  ORGANIC BEEF JERKY TERIYAKI   ;99482415211
365 EVERYDAY VALUE  ORGANIC  BLACK BEANS   ;99482414757
365 EVERYDAY VALUE  ORGANIC BLACK CHIA SEED   ;99482453800
365 EVERYDAY VALUE  ORGANIC BLACK FOREST UNCURED HAM   ;99482452629
365 EVERYDAY VALUE  ORGANIC BLUEBERRY FRUIT STRIP   ;99482418007
365 EVERYDAY VALUE  ORGANIC BRAN FLAKES CEREAL   ;99482438982
365 EVERYDAY VALUE  ORGANIC  BROWN FLAXSEED   ;99482450571
365 EVERYDAY VALUE  ORGANIC BUTTERMILK RANCH   ;99482453695
365 EVERYDAY VALUE  ORGANIC BUTTERNUT SQUASH RAVIOLI   ;99482425968
365 EVERYDAY VALUE  ORGANIC CANE SUGAR   ;99482411473
365 EVERYDAY VALUE  ORGANIC CANNELLINI BEANS   ;99482452735
365 EVERYDAY VALUE  ORGANIC CANOLA OIL   ;99482450847
365 EVERYDAY VALUE  ORGANIC CAPELLINI   ;99482431105
365 EVERYDAY VALUE  ORGANIC CAPERS   ;99482458331
365 EVERYDAY VALUE  ORGANIC CAYENNE PEPPER   ;99482445164
365 EVERYDAY VALUE  ORGANIC CAYENNE PEPPER   ;99482445393
365 EVERYDAY VALUE  ORGANIC CHEESE PIZZA   ;99482442873
365 EVERYDAY VALUE  ORGANIC CHICKEN BROTH   ;99482442606
365 EVERYDAY VALUE  ORGANIC CHICKEN NOODLE SOUP   ;99482442644
365 EVERYDAY VALUE  ORGANIC CHOWDER  CORN POBLANO   ;99482460198
365 EVERYDAY VALUE  ORGANIC CINNAMON GRAHAM CRACKERS   ;99482456955
365 EVERYDAY VALUE  ORGANIC CLASSIC WHITE BREAD   ;99482455897
365 EVERYDAY VALUE  ORGANIC COCKTAIL SAUCE   ;99482448028
365 EVERYDAY VALUE  ORGANIC COCONUT OIL   ;99482438548
365 EVERYDAY VALUE  ORGANIC COFFEE CREAMER  VANILLA   ;99482439422
365 EVERYDAY VALUE  ORGANIC CONSERVE  BLACKBERRY   ;99482460532
365 EVERYDAY VALUE  ORGANIC CRANBERRY JUICE  CRANBERRY   ;99482420925
365 EVERYDAY VALUE  ORGANIC CREAM CHEESE   ;99482428198
365 EVERYDAY VALUE  ORGANIC CREAMY PEANUT BUTTER   ;99482450267
365 EVERYDAY VALUE  ORGANIC CREAMY PEANUT BUTTER   ;99482420246
365 EVERYDAY VALUE  ORGANIC CROUTONS  GARLIC & BUTTER   ;99482421397
365 EVERYDAY VALUE  ORGANIC CRUNCH PEANUT BUTTER   ;99482450274
365 EVERYDAY VALUE  ORGANIC CRUNCHY CINNAMON SQUARES CEREAL   ;99482448646
365 EVERYDAY VALUE  ORGANIC CRUNCHY PRETZEL STICKS   ;99482428945
365 EVERYDAY VALUE  ORGANIC CRUSHED RED PEPPER   ;99482445614
365 EVERYDAY VALUE  ORGANIC DARK CHOCOLATE 5% CACAO   ;99482439187
365 EVERYDAY VALUE  ORGANIC DARK CHOCOLATE CHIP CHEWY GRANOLA BARS   ;99482454425
365 EVERYDAY VALUE  ORGANIC DARK MAPLE SYRUP   ;99482408404
365 EVERYDAY VALUE  ORGANIC DICED TOMATOES   ;99482414443
365 EVERYDAY VALUE  ORGANIC DICED TOMATOES   ;99482414412
365 EVERYDAY VALUE  ORGANIC DRESSING  CREAMY CAESAR   ;99482453701
365 EVERYDAY VALUE  ORGANIC DRESSING  SWEET CARROT & GINGER MISO   ;99482453718
365 EVERYDAY VALUE  ORGANIC EGG WHITES   ;99482439439
365 EVERYDAY VALUE  ORGANIC FETTUCCINE MACARONI PRODUCT   ;99482431112
365 EVERYDAY VALUE  ORGANIC FIVE CHEESE RAVIOLI   ;99482425951
365 EVERYDAY VALUE  ORGANIC FRENCH STYLE GREEN BEANS   ;99482444099
365 EVERYDAY VALUE  ORGANIC FROSTED FLAKES CEREAL   ;99482438999
365 EVERYDAY VALUE  ORGANIC FUDGE BARS   ;99482413538
365 EVERYDAY VALUE  ORGANIC GARBANZO BEANS   ;99482441647
365 EVERYDAY VALUE  ORGANIC  GARBANZO BEANS   ;99482438456
365 EVERYDAY VALUE  ORGANIC GARLIC & HERB WATER CRACKERS  GARLIC & HERB   ;99482418991
365 EVERYDAY VALUE  ORGANIC GOLDEN ROUND CRACKERS   ;99482418984
365 EVERYDAY VALUE  ORGANIC GRADE A MAPLE SYRUP   ;99482408435
365 EVERYDAY VALUE  ORGANIC GRAHAM BEAR COOKIES  CHOCOLATE   ;99482417277
365 EVERYDAY VALUE  ORGANIC GREEN LENTILS   ;99482414740
365 EVERYDAY VALUE  ORGANIC GREEN OLIVES   ;99482458300
365 EVERYDAY VALUE  ORGANIC HALVES & PIECES WALNUTS   ;99482434281
365 EVERYDAY VALUE  ORGANIC HICKORY SMOKED CHEDDAR SLICES  SMOOTH  CREAMY   ;99482443368
365 EVERYDAY VALUE  ORGANIC HOMESTYLE MINI WAFFLES   ;99482436995
365 EVERYDAY VALUE  ORGANIC HOMESTYLE TORTILLA   ;99482415006
365 EVERYDAY VALUE  ORGANIC HONEY FLAKES & OAT CLUSTERS   ;99482439019
365 EVERYDAY VALUE  ORGANIC HONEY GRAHAM CRACKERS   ;99482456948
365 EVERYDAY VALUE  ORGANIC HOT SALSA   ;99482447854
365 EVERYDAY VALUE  ORGANIC ICE CREAM BARS  LEMON CREAM   ;99482450946
365 EVERYDAY VALUE  ORGANIC INSTANT OATMEAL  OATS & FLAX   ;99482419868
365 EVERYDAY VALUE  ORGANIC INSTANT PUDDING CHOCOLATE   ;99482460761
365 EVERYDAY VALUE  ORGANIC ITALIAN BARLEY   ;99482455149
365 EVERYDAY VALUE  ORGANIC ITALIAN DRESSING   ;99482428068
365 EVERYDAY VALUE  ORGANIC 100% JUICE  CONCORD GRAPE   ;99482420864
365 EVERYDAY VALUE  ORGANIC JUICE FOR CONCENTRATE  PEACHES & PEARS   ;99482441784
365 EVERYDAY VALUE  ORGANIC 100% JUICE  LIME   ;99482424237
365 EVERYDAY VALUE  ORGANIC 100% JUICE  ORANGE   ;99482456092
365 EVERYDAY VALUE  ORGANIC 100% JUICE  TART CHERRY   ;99482420901
365 EVERYDAY VALUE  ORGANIC KALAMATA PITTED OLIVES   ;99482458324
365 EVERYDAY VALUE  ORGANIC KERNELS SUNFLOWER  ROASTED & UNSALTED   ;99482434434
365 EVERYDAY VALUE  ORGANIC LEMON TAHINI DRESSING   ;99482448189
365 EVERYDAY VALUE  ORGANIC LENTIL SOUP   ;99482460167
365 EVERYDAY VALUE  ORGANIC LIGHT RANCH DRESSING   ;99482428174
365 EVERYDAY VALUE  ORGANIC LIGHT SOYMILK  ORIGINAL   ;99482436216
365 EVERYDAY VALUE  ORGANIC LINGUINE   ;99482431747
365 EVERYDAY VALUE  ORGANIC LIQUID STEVIA EXTRACT   ;99482450779
365 EVERYDAY VALUE  ORGANIC LONG GRAIN & WILD RICE   ;99482453350
365 EVERYDAY VALUE  ORGANIC LOW FAT CREAM  SOUR   ;99482436513
365 EVERYDAY VALUE  ORGANIC LOW FAT DESSERT BARS  GREEK YOGURT  BLUEBERRY   ;99482450915
365 EVERYDAY VALUE  ORGANIC LOW FAT GREEK YOGURT DESSERT BARS  STRAWBERRY   ;99482450922
365 EVERYDAY VALUE  ORGANIC MACARONI & CHEESE   ;99482453381
365 EVERYDAY VALUE  ORGANIC MARINARA PASTA SAUCE   ;99482455699
365 EVERYDAY VALUE  ORGANIC MAYONNAISE   ;99482447533
365 EVERYDAY VALUE  ORGANIC MAYONNAISE   ;99482447540
365 EVERYDAY VALUE  ORGANIC MEDITERRANEAN OLIVES   ;99482458317
365 EVERYDAY VALUE  ORGANIC MEDIUM THICK & CHUNKY SALSA   ;99482447847
365 EVERYDAY VALUE  ORGANIC MICROWAVE POPCORN  LIGHT BUTTER   ;99482428228
365 EVERYDAY VALUE  ORGANIC MINI ICE CREAM SANDWICHES  FUDGE MINT SWIRL   ;99482450939
365 EVERYDAY VALUE  ORGANIC MINI PRETZEL TWISTS   ;99482435448
365 EVERYDAY VALUE  ORGANIC MINI WAFFLES  APPLE CINNAMON   ;99482442842
365 EVERYDAY VALUE  ORGANIC MIXED BERRY CONSERVE   ;99482161521
365 EVERYDAY VALUE  ORGANIC MOZZARELLA CHEESE STICKS   ;99482453060
365 EVERYDAY VALUE  ORGANIC MOZZARELLA CHEESE   ;99482416904
365 EVERYDAY VALUE  ORGANIC MULTIGRAIN & SEED BREAD   ;99482455910
365 EVERYDAY VALUE  ORGANIC NEUFCHATEL CHEESE   ;99482428204
365 EVERYDAY VALUE  ORGANIC OATMEAL COOKIES  RAISIN   ;99482463281
365 EVERYDAY VALUE  ORGANIC OATMEAL COOKIES   ;99482440633
365 EVERYDAY VALUE  ORGANIC ORIGINAL WATER CRACKERS   ;99482447519
365 EVERYDAY VALUE  ORGANIC OVEN ROASTED TURKEY BREAST   ;99482452643
365 EVERYDAY VALUE  ORGANIC PANCAKE & WAFFLE  BUTTERMILK   ;99482424534
365 EVERYDAY VALUE  ORGANIC PAPRIKA   ;99482457068
365 EVERYDAY VALUE  ORGANIC PASTA SAUCE  FOUR CHEESE   ;99482455729
365 EVERYDAY VALUE  ORGANIC PASTA SAUCE  TOMATO BASIL   ;99482455712
365 EVERYDAY VALUE  ORGANIC PEANUT BUTTER BALLS   ;99482421885
365 EVERYDAY VALUE  ORGANIC PEANUT BUTTER & COCOA BALLS CEREAL   ;99482448639
365 EVERYDAY VALUE  ORGANIC PEAR HALVES   ;99482441814
365 EVERYDAY VALUE  ORGANIC PEARLED COUSCOUS  LEMON & HERB   ;99482447946
365 EVERYDAY VALUE  ORGANIC PETITE DICED TOMATOES  JALAPENO & CILANTRO   ;99482442194
365 EVERYDAY VALUE  ORGANIC PINTO BEANS   ;99482452742
365 EVERYDAY VALUE  ORGANIC POPCORN  CLASSIC SALTED   ;99482435332
365 EVERYDAY VALUE  ORGANIC PORTOBELLO MUSHROOM PASTA SAUCE   ;99482455743
365 EVERYDAY VALUE  ORGANIC POTATO CHIPS  SEA SALT   ;99482444181
365 EVERYDAY VALUE  ORGANIC POWDERED SUGAR   ;99482424114
365 EVERYDAY VALUE  ORGANIC PREMIUM ITALIAN LASAGNE PASTA  MACARONI PRODUCT   ;99482431785
365 EVERYDAY VALUE  ORGANIC PRETZELS  MILK CHOCOLATE   ;99482439262
365 EVERYDAY VALUE  ORGANIC QUICK OATS   ;99482419912
365 EVERYDAY VALUE  ORGANIC RAISIN BRAN CEREAL   ;99482439033
365 EVERYDAY VALUE  ORGANIC RAW & HULLED HEMP SEED   ;99482454739
365 EVERYDAY VALUE  ORGANIC RED ENCHILADA SAUCE   ;99482460433
365 EVERYDAY VALUE  ORGANIC RICED CAULIFLOWER   ;99482462130
365 EVERYDAY VALUE  ORGANIC RUSTIC VEGETABLE SOUP   ;99482442637
365 EVERYDAY VALUE  ORGANIC SALTED BUTTER   ;99482436551
365 EVERYDAY VALUE  ORGANIC SHELLS & CHEESE   ;99482427696
365 EVERYDAY VALUE  ORGANIC SHELLS PREMIUM ITALIAN PASTA  MACARONI PRODUCT   ;99482431143
365 EVERYDAY VALUE  ORGANIC SHREDDED MILD CHEDDAR   ;99482420314
365 EVERYDAY VALUE  ORGANIC SNAPPY SOURDOUGH SMALL BATCH BREAD   ;99482430979
365 EVERYDAY VALUE  ORGANIC SOUP  CARIBBEAN BLACK BEAN   ;99482460174
365 EVERYDAY VALUE  ORGANIC SOUR CREAM   ;99482436506
365 EVERYDAY VALUE  ORGANIC SPANISH RICE PILAF   ;99482453329
365 EVERYDAY VALUE  ORGANIC STEEL CUT OATS   ;99482431037
365 EVERYDAY VALUE  ORGANIC SUN DRIED TOMATOES   ;99482440602
365 EVERYDAY VALUE  ORGANIC SUNFLOWER KERNELS  ROASTED & SALTED   ;99482434427
365 EVERYDAY VALUE  ORGANIC SUNFLOWER SEED OIL   ;99482446918
365 EVERYDAY VALUE  ORGANIC TERIYAKI SAUCE   ;99482448097
365 EVERYDAY VALUE  ORGANIC THOUSAND ISLAND DRESSING   ;99482448233
365 EVERYDAY VALUE  ORGANIC TOFU FIRY   ;99482409258
365 EVERYDAY VALUE  ORGANIC TOMATO SAUCE   ;99482414405
365 EVERYDAY VALUE  ORGANIC TORTILLA CHIPS  LIGHTLY SALTED BLACK BEAN   ;99482444532
365 EVERYDAY VALUE  ORGANIC TURKISH APRICOTS   ;99482434328
365 EVERYDAY VALUE  ORGANIC UNCURED HAM  HONEY MAPLE   ;99482452636
365 EVERYDAY VALUE  ORGANIC UNSALTED BUTTER   ;99482436568
365 EVERYDAY VALUE  ORGANIC UNSALTED WHOLE CASHEWS   ;99482434342
365 EVERYDAY VALUE  ORGANIC UNSWEETENED ALMOND MILK   ;99482436285
365 EVERYDAY VALUE  ORGANIC VEGAN LASAGNA   ;99482438500
365 EVERYDAY VALUE  ORGANIC VEGETABLE LASAGNA   ;99482438517
365 EVERYDAY VALUE  ORGANIC WAFERS  LEMON   ;99482440657
365 EVERYDAY VALUE  ORGANIC WHITE CHIA SEED   ;99482451455
365 EVERYDAY VALUE  ORGANIC WHITE HOT DOG BUNS   ;99482455996
365 EVERYDAY VALUE  ORGANIC WHOLE ALMONDS  UNSALTED   ;99482454876
365 EVERYDAY VALUE  ORGANIC WHOLE PEANUTS   ;99482434380
365 EVERYDAY VALUE  ORGANIC WHOLE WHEAT BREAD  TOUCH OF HONEY   ;99482430955
365 EVERYDAY VALUE  ORGANIC WHOLE WHEAT FUSILLI   ;99482417109
365 EVERYDAY VALUE  ORGANIC WHOLE WHEAT PANCAKES   ;99482442866
365 EVERYDAY VALUE  ORGANIC WHOLE WHEAT SHELLS  MACARONI PRODUCT   ;99482417093
365 EVERYDAY VALUE  ORGANIC WHOLE WHEAT SPAGHETTI  WHOLE WHEAT MACARONI PRODUCT   ;99482410889
365 EVERYDAY VALUE  ORGANIC WILD RICE MIX   ;99482450564
365 EVERYDAY VALUE  ORGANIC YELLOW CLING PEACH SLICES   ;99482441807
365 EVERYDAY VALUE  OYSTER CRACKERS   ;99482438494
365 EVERYDAY VALUE  PART-SKIM MOZZARELLA VEGETARIAN CHEESE   ;99482412418
365 EVERYDAY VALUE  PASTA RINGS IN TOMATO SAUCE  TOMATO   ;99482417932
365 EVERYDAY VALUE  PASTA SAUCE  ROASTED GARLIC   ;99482455682
365 EVERYDAY VALUE  PEANUT BUTTER  CREAMY UNSWEETEND   ;99482450281
365 EVERYDAY VALUE  PEANUT BUTTER  UNSWEETENED & NO SALT   ;99482450298
365 EVERYDAY VALUE  PEAR JUICE FROM CONCENTRATE  MANDARIN ORANGE   ;99482441685
365 EVERYDAY VALUE  PEARLED COUSCOUS   ;99482447939
365 EVERYDAY VALUE  PECANS HALVES & PIECES   ;99482434472
365 EVERYDAY VALUE  PENNE RIGATE   ;99482431754
365 EVERYDAY VALUE  PEPPERED BEEF JERKY  SMOKE   ;99482415204
365 EVERYDAY VALUE  PEPPER JACK CHEESE   ;99482416928
365 EVERYDAY VALUE  PEPPERMINT  MINTS   ;99482414870
365 EVERYDAY VALUE  PINEAPPLE SLICES   ;99482441708
365 EVERYDAY VALUE  PINK ALASKAN WILD SALMON   ;99482416010
365 EVERYDAY VALUE  PINTO BEANS   ;99482455828
365 EVERYDAY VALUE  PINTO BEANS   ;99482452230
365 EVERYDAY VALUE  PINTO BEANS   ;99482414726
365 EVERYDAY VALUE  PITA CHIPS  GARLIC PARMESAN   ;99482424022
365 EVERYDAY VALUE  PITA CHIPS  JALAPENO   ;99482424046
365 EVERYDAY VALUE  PITA CHIPS  SEA SALT   ;99482424985
365 EVERYDAY VALUE  PITA CHIPS   ;99482435295
365 EVERYDAY VALUE  PITTED BLACK OLIVES   ;99482416843
365 EVERYDAY VALUE  PITTED PRUNES  NATURALLY SWEET   ;99482434540
365 EVERYDAY VALUE  PIZZA SAUCE   ;99482455750
365 EVERYDAY VALUE  PIZZA  SPINACH & FETA   ;99482442880
365 EVERYDAY VALUE  POLLINATOR FRIENDLY ALMOND BUTTER  CREAMY   ;99482460457
365 EVERYDAY VALUE  POPCORN  SPICY JALAPENO & WHITE CHEDDAR   ;99482458362
365 EVERYDAY VALUE  POTATO CHIPS  BARBEQUE   ;99482444204
365 EVERYDAY VALUE  POTATO CHIPS  BLACK PEPPER & SEA SALT   ;99482444174
365 EVERYDAY VALUE  POTATO CHIPS  BLACK PEPPER & SEA SALT   ;99482444198
365 EVERYDAY VALUE  POTATO CHIPS  DILL PICKLE   ;99482453787
365 EVERYDAY VALUE  POTATO CHIPS  SEA SALT CLASSIC   ;99482452889
365 EVERYDAY VALUE  POTATO CHIPS  SOUR CREAM & ONION   ;99482444228
365 EVERYDAY VALUE  POTATO CHIPS  SWEET CHILI GINGER   ;99482464059
365 EVERYDAY VALUE  PRETZEL NUGGETS   ;99482452896
365 EVERYDAY VALUE  PRGANIC INSTANT PUDDING  VANILLA   ;99482460754
365 EVERYDAY VALUE  PROTEIN  FIBER FLAKES & CLUSTERS`   ;99482452919
365 EVERYDAY VALUE  PROVOLONE CHEESE SLICES   ;99482434083
365 EVERYDAY VALUE  PUFFS  CHEESE   ;99482428761
365 EVERYDAY VALUE  RAINBOW MORNING O'S CEREAL   ;99482452957
365 EVERYDAY VALUE  RAISIN BREAD  CINNAMON   ;99482455880
365 EVERYDAY VALUE  RAISIN GRANOLA  LIGHTLY SWEETENED ORGANIC MIX OF TOASTED WHOLE GRAIN OATS  CRISP BROWN RICE  SWEET RAISINS & CRUNCHY ALMONDS   ;99482448738
365 EVERYDAY VALUE  RASPBERRY BERET TRAIL MIX   ;99482436308
365 EVERYDAY VALUE  RAW TURBINADO SUGAR   ;99482411480
365 EVERYDAY VALUE  RED KIDNEY BEANS   ;99482438432
365 EVERYDAY VALUE  RED PEPPER & FETA   ;99482448226
365 EVERYDAY VALUE  RED PEPPERS   ;99482458386
365 EVERYDAY VALUE  RED PEPPER   ;99482445102
365 EVERYDAY VALUE  REDUCED FAT COW MILK  2% MILKFAT   ;99482430207
365 EVERYDAY VALUE  REDUCED FAT MILK   ;99482434854
365 EVERYDAY VALUE  REDUCED FAT MILK   ;99482430085
365 EVERYDAY VALUE  REDUCED FAT MILK   ;99482423131
365 EVERYDAY VALUE  2% REDUCED FAT MILK   ;99482437848
365 EVERYDAY VALUE  2% REDUCED FAT MILK   ;99482430221
365 EVERYDAY VALUE  2% REDUCED FAT MILK   ;99482430214
365 EVERYDAY VALUE  REFRIED PINTO BEANS  TOASTED CHILI & LIME   ;99482452254
365 EVERYDAY VALUE  RICE CRACKERS  WASABI   ;99482414900
365 EVERYDAY VALUE  RICE PILAF   ;99482453312
365 EVERYDAY VALUE  RICH CHOCOLATE FLAVOR MIX ORGANIC HOT COCOA   ;99482421243
365 EVERYDAY VALUE  RIPPLED  POTATO CHIPS  SEA SALT   ;99482444235
365 EVERYDAY VALUE  ROASTED PEANUT OIL   ;99482446871
365 EVERYDAY VALUE  ROASTED POBLANO SALSA   ;99482447885
365 EVERYDAY VALUE  ROASTED & SALTED PEANUTS   ;99482434458
365 EVERYDAY VALUE  ROASTED & SALTED SUNFLOWER KERNELS   ;99482434557
365 EVERYDAY VALUE  ROASTED & UNSALTED ALMONDS   ;99482434182
365 EVERYDAY VALUE  ROASTED VEGETABLE LASAGNA   ;99482460815
365 EVERYDAY VALUE  ROASTED VERDE SALSA   ;99482447908
365 EVERYDAY VALUE  ROASTED VERDE SALSA   ;99482447878
365 EVERYDAY VALUE  SAFFLOWER SEED OIL   ;99482446901
365 EVERYDAY VALUE  SALAD CUT HEARTS OF PALM   ;99482416416
365 EVERYDAY VALUE  SALSA ROJA  HATCH CHILE   ;99482459765
365 EVERYDAY VALUE  SALSA THICK & CHUNKY   ;99482440077
365 EVERYDAY VALUE  SALSA   ;99482447892
365 EVERYDAY VALUE  SALTED BUTTER   ;99482446703
365 EVERYDAY VALUE  SEA SALT   ;99482457044
365 EVERYDAY VALUE  SEED BREAD   ;99482455927
365 EVERYDAY VALUE  SEEDLESS RAISINS   ;99482434571
365 EVERYDAY VALUE  SEEDONA SUNSET FRUIT & SEED MIX   ;99482459697
365 EVERYDAY VALUE  SHELLED PUMPKIN SEEDS   ;99482434496
365 EVERYDAY VALUE  SHELLS & ALFREDO   ;99482427726
365 EVERYDAY VALUE  SHELLS & CHEESE  CHEDDAR CHEESE   ;99482427719
365 EVERYDAY VALUE  SHELLS & CREAMY CHEDDAR SAUCE  CHEDDAR CHEESE   ;99482438203
365 EVERYDAY VALUE  SHORTBREAD COOKIES   ;99482440671
365 EVERYDAY VALUE  SHOYU SOY SAUCE   ;99482447632
365 EVERYDAY VALUE  SHREDDED MILD CHEDDAR CHEESE   ;99482403614
365 EVERYDAY VALUE  SHREDDED MILD CHEDDAR CHEESE   ;99482434076
365 EVERYDAY VALUE  SHREDDED MILD CHEDDAR & MONTEREY JACK   ;99482434052
365 EVERYDAY VALUE  SHREDDED MONTEREY JACK CHEESE   ;99482420352
365 EVERYDAY VALUE  SHREDDED PEPPER JACK CHEESE   ;99482420321
365 EVERYDAY VALUE  SKIM FAT FREE MILK   ;99482430160
365 EVERYDAY VALUE  SLICED BLACK OLIVES   ;99482416867
365 EVERYDAY VALUE  SLIVERED BLANCHED ALMONDS   ;99482434144
365 EVERYDAY VALUE  SMALL BATCH BREAD CLASSIC WHITE BREAD   ;99482430986
365 EVERYDAY VALUE  SMOKEHOUSE BACON   ;99482413491
365 EVERYDAY VALUE  SOUR CHERRIES   ;99482438159
365 EVERYDAY VALUE  SOURDOUGH BREAD   ;99482455873
365 EVERYDAY VALUE  SPAGHETTI   ;99482431730
365 EVERYDAY VALUE  SPANISH EXTRA VIRGIN OLIVE OIL   ;99482444594
365 EVERYDAY VALUE  SPELT GREEN LENTILS & LONG GRAIN BROWN RICE   ;99482455118
365 EVERYDAY VALUE  SPINACH RICOTTA LASAGNA   ;99482460822
365 EVERYDAY VALUE  SPLIT GREEN PEAS   ;99482438449
365 EVERYDAY VALUE  SRIRACHA SUNFLOWER KERNELS   ;99482459703
365 EVERYDAY VALUE  STEEL CUT OAT BREAD   ;99482449650
365 EVERYDAY VALUE  STRIDER'S TRAIL MIX SNACK   ;99482440183
365 EVERYDAY VALUE  SUMMIT SEEKER TRAIL MIX   ;99482440121
365 EVERYDAY VALUE  SUNDRIED TOMATOES   ;99482458379
365 EVERYDAY VALUE  SUNFLOWER KERNELS   ;99482434564
365 EVERYDAY VALUE  SUPER GRAINS   ;99482450588
365 EVERYDAY VALUE  SUPREME THIN CRUST PIZZA   ;99482431426
365 EVERYDAY VALUE  SUSHI RICE SHORT GRAIN WHITE   ;99482450649
365 EVERYDAY VALUE  SWEETENED BANANA CHIPS   ;99482434205
365 EVERYDAY VALUE  SWEETENED PINEAPPLE PIECES   ;99482434502
365 EVERYDAY VALUE  SWEET POTATO PUFFS   ;99482442934
365 EVERYDAY VALUE  SWEET-SABI MUSTARD   ;99482460440
365 EVERYDAY VALUE  TAMARI RICE CRACKERS   ;99482414931
365 EVERYDAY VALUE  TANDOORI NAAN  ORIGINAL   ;99482427313
365 EVERYDAY VALUE  TANDOORI NAAN  ROASTED GARLIC   ;99482427320
365 EVERYDAY VALUE  TANDOORI WHOLE WHEAT NAAN   ;99482427337
365 EVERYDAY VALUE  THICK & CHUNKY SALSA   ;99482447861
365 EVERYDAY VALUE  THIN CRUST PEPPERONI PIZZA   ;99482431402
365 EVERYDAY VALUE  THREE BEAN CHILI   ;99482460204
365 EVERYDAY VALUE  TOMATO BISQUE   ;99482460136
365 EVERYDAY VALUE  TOMATO KETCHUP   ;99482447625
365 EVERYDAY VALUE  TOMATO SAUCE  TOMATO   ;99482418342
365 EVERYDAY VALUE  TOMATO SOUP  BASIL   ;99482442613
365 EVERYDAY VALUE  TONIC WATER   ;99482411756
365 EVERYDAY VALUE  TORTILLA CHIPS  BLUE CORN   ;99482435509
365 EVERYDAY VALUE  TORTILLA CHIPS  WHITE CORN   ;99482406318
365 EVERYDAY VALUE  TORTILLA CHIPS  YELLOW & BLUE CORN   ;99482435547
365 EVERYDAY VALUE  TORTILLA STRIPS  YELLOW CORN   ;99482435523
365 EVERYDAY VALUE  TRADITIONAL TORTILLAS   ;99482450199
365 EVERYDAY VALUE  TRAIL MIX  BLUEBERRY BLAZE   ;99482440138
365 EVERYDAY VALUE  TRAIL MIX  SESAME SERENITY   ;99482440152
365 EVERYDAY VALUE  TRAIL MIX   ;99482440145
365 EVERYDAY VALUE  TREASURE HUNT TRAIL MIX   ;99482436339
365 EVERYDAY VALUE  TROPICAL BLEND  STRAWBERRIES  MANGOES  BANANAS   ;99482412562
365 EVERYDAY VALUE  TURKEY BREAST  BLACK PEPPER   ;99482452667
365 EVERYDAY VALUE  TURKEY JERKY  TERIYAKI   ;99482420734
365 EVERYDAY VALUE  UNCURED APPLEWOOD SMOKED BACON   ;99482423193
365 EVERYDAY VALUE  UNCURED BEEF HOT DOGS   ;99482431631
365 EVERYDAY VALUE  UNSALTED TOPS SALTINE CRACKERS   ;99482410971
365 EVERYDAY VALUE  UNSWEETENED BLACK TEA   ;99482436476
365 EVERYDAY VALUE  VANILLA ICE CREAM BARS  CHOCOLATE & ALMOND   ;99482413521
365 EVERYDAY VALUE  VEGAN MAYO   ;99482447564
365 EVERYDAY VALUE  VITAMIN D MILK   ;99482430054
365 EVERYDAY VALUE  VITAMIN D MILK   ;99482413729
365 EVERYDAY VALUE  WALNUTS HALVES & PIECES   ;99482434618
365 EVERYDAY VALUE  WATER CRACKERS   ;99482419004
365 EVERYDAY VALUE  WHEAT SQUARE CRACKERS   ;99482438463
365 EVERYDAY VALUE  WHIPPED CREAM CHEESE   ;99482412289
365 EVERYDAY VALUE  WHITE CHEDDAR THIN-SAUCED CHEESE  MILD   ;99482459666
365 EVERYDAY VALUE  WHITE HAMBURGER BUNS   ;99482456016
365 EVERYDAY VALUE  WHITE HAMBURGER BUNS   ;99482455972
365 EVERYDAY VALUE  WHITE HOT DOG BUNS   ;99482455958
365 EVERYDAY VALUE  WHOLE FOODS MARKET  APPLE CEREAL BARS  APPLE   ;99482409296
365 EVERYDAY VALUE  WHOLE FOODS MARKET  GREEK YOGURT STRAWBERRY   ;99482442125
365 EVERYDAY VALUE  WHOLE FOODS MARKET  ORGANIC OAT & HONEY GRANOLA   ;99482448721
365 EVERYDAY VALUE  WHOLE GRAIN WHEAT SQUARES CEREAL   ;99482438852
365 EVERYDAY VALUE  WHOLE HEARTS OF PALM   ;99482442002
365 EVERYDAY VALUE  WHOLE MILK RICOTTA CHEESE   ;99482436483
365 EVERYDAY VALUE  WHOLE VITAMIN D MILK   ;99482434847
365 EVERYDAY VALUE  WHOLE WHEAT BREAD   ;99482455903
365 EVERYDAY VALUE  WHOLE WHEAT ELBOWS   ;99482431099
365 EVERYDAY VALUE  WHOLE WHEAT ENGLISH MUFFINS   ;99482449582
365 EVERYDAY VALUE  WHOLE WHEAT ENGLISH MUFFINS   ;99482456047
365 EVERYDAY VALUE  WHOLE WHEAT FLOUR   ;99482418298
365 EVERYDAY VALUE  WHOLE WHEAT HAMBURGER BUNS   ;99482456023
365 EVERYDAY VALUE  WHOLE WHEAT HOT DOG BUNS   ;99482455965
365 EVERYDAY VALUE  WHOLE WHEAT LINGUINE   ;99482410896
365 EVERYDAY VALUE  WORCESTERSHIRE SAUCE   ;99482448059
365 EVERYDAY VALUE  YELLOW CLING DICED PEACHES   ;99482441760
365 EVERYDAY VALUE  YELLOW POLENTA   ;99482446222
365 EVEYDAY VALUE  FRUIT SPREAD  APRICOT   ;99482410353
EXTRA VIRGIN OLIVE OIL NON-STICK COOKING SPRAY   ;99482450854
EXTRA VIRGIN OLIVE OIL   ;99482422264
FAT FREE BALSAMIC VINAIGRETTE   ;99482469528
FAT FREE MILK   ;99482423155
FAT FREE MILK   ;99482415549
FAT FREE MILK   ;99482416584
FAT FREE MILK   ;99482430153
FAT FREE SKIM MILK   ;99482417826
FAT FREE SKIM MILK   ;99482416621
FAT FREE SKIM MILK   ;99482459215
FAT FREE SKIM MILK   ;99482434892
FAT FREE SKIM MILK   ;99482430511
FIESTA BLEND CHEESE   ;99482420369
FINGER ROLLS   ;99482451059
FISH SQUARES   ;99482453022
FLAVORED SODA   ;99482439286
FREEZE DRIED RASPBERRIES   ;99482453145
FRENCH ONION DIP   ;99482803384
FRESH MOZZARELLA MEDALLIONS   ;99482439798
FRUIT BARS   ;99482413422
FRUIT BARS   ;99482413446
FRUIT BARS   ;99482413453
FRUIT BARS   ;99482413460
FRUIT JUICE SWEETENED   ;99482463816
FRUIT PUNCH + POLYPHENOLS NUTRIENT ENHANCED BEVERAGE   ;99482454050
FRUIT SNACKS   ;99482465162
FRUIT SNACKS   ;99482465155
FRUITS OF THE FOREST FRUIT SPREAD   ;99482410391
FRUIT SPREAD   ;99482410384
FRUIT SPREAD   ;99482460525
FRUIT & VEGGIE BARS   ;99482453763
FRUIT & VEGGIE BARS   ;99482453756
FRUIT & VEGGIE BARS   ;99482453770
GARBANZO BEANS   ;99482455811
GARBANZO BEANS   ;99482772710
GINGERBREAD BARK   ;99482465582
GINGER SNAP COOKIES   ;99482417369
GLUTEN FREE MINT CHOCOLATE CHIP THIN & CRISPY COOKIES   ;99482461386
GOCHUJANG KETCHUP   ;99482469436
GOCHUJANG POTATO CHIPS   ;99482469702
GOCHUJANG SAUCE & MARINADE   ;99482469443
GRANOLA   ;99482469368
GRANOLA   ;99482465315
GRAPESEED OIL   ;99482446925
GREAT NORTHERN BEANS   ;99482454494
GREAT NORTHERN BEANS   ;99482452759
GREEK FETA SPREAD   ;99482802370
GREEK OLIVE OIL   ;99482450984
GREEK STYLE YOGURT   ;99482461133
GREEN PEAS   ;99482404918
HALF & HALF MILK   ;99482446093
HALF & HALF   ;99482439958
HALF & HALF   ;99482426316
HALF & HALF   ;99482446086
HARD COOKED MEDIUM EGGS   ;99482465049
HEAVY CREAM   ;99482458348
HEAVY CREAM   ;99482433390
HEMP SEED   ;99482454746
HERBES DE PROVENCE   ;99482469467
HERB GOAT CHEESE SPREAD   ;99482802363
HICKORY SMOKED GOUDA CHEESE   ;99482443351
HOMESTYLE WAFFLES   ;99482452933
HOT SAUCE   ;99482450342
ICE CREAM BARS   ;99482450953
ICE CREAM BARS   ;99482413507
ICE CREAM BARS   ;99482462765
ICE CREAM SANDWICHES PUMPKIN PIE   ;99482451301
ICE CREAM   ;99482458218
ICE CREAM   ;99482450878
ICE CREAM   ;99482463342
ICE CREAM   ;99482428877
ICE CREAM   ;99482443276
ICE CREAM   ;99482454401
ICE CREAM   ;99482428860
INDIAN BASMATI WHITE RICE   ;99482450595
INSTANT HOT CEREAL   ;99482431020
INSTANT MASHED POTATOES   ;99482430870
ITALIAN BLEND   ;99482443399
ITALIAN GELATO   ;99482450724
ITALIAN GELATO   ;99482450748
ITALIAN GELATO   ;99482450717
ITALIAN GELATO   ;99482470869
ITALIAN GELATO   ;99482465797
ITALIAN GELATO   ;99482470852
ITALIAN MACARONI PRODUCT  PENNE RIGATE   ;99482400026
ITALIAN SODA   ;99482458409
ITALIAN SODA   ;99482427740
ITALIAN SPARKLING CITRUS BLEND MINERAL WATER   ;99482405687
ITALIAN SPARKLING MINERAL WATER   ;99482408862
ITALIAN SPARKLING MINERAL WATER   ;99482402594
100% JUICE FROM CONCENTRATE   ;99482463786
100% JUICE   ;99482463793
100% JUICE   ;99482401795
100% JUICE   ;99482420949
100% JUICE   ;99482465469
JUMBO BAKING CHIPS   ;99482447083
JUMBO PITTED BLACK OLIVES   ;99482416850
JUST FRUIT SPREAD   ;99482410360
KETTLE ROASTED CANDIED PECANS   ;99482463885
KETTLE ROASTED CANDIED PECANS   ;99482463878
KIDNEY BEANS   ;99482441654
KOREAN STYLE GOCHUJANG BARBECUE SAUCE   ;99482469429
KOREAN STYLE GOCHUJANG HOT SAUCE   ;99482469450
KOSHER DILL PICKLES   ;99482413705
LEMONADE   ;99482403225
LEMON CURD BUTTER COOKIES   ;99482461416
LEMON ITALIAN SODA   ;99482431594
LENTIL CRISPS   ;99482464080
LENTIL SOUP   ;99482466893
LIGHT BROWN SUGAR   ;99482427207
LIGHT COCONUT MILK   ;99482416409
LIGHTLY BREADED CALAMARI   ;99482444273
LIGHTLY SALTED TORTILLA CHIPS   ;99482435516
LIMONCELLO PANETTONE   ;99482451233
LOWFAT MILK   ;99482417819
LOWFAT MILK   ;99482430306
LOWFAT MILK   ;99482430542
LOW FAT MILK   ;99482423100
LOW FAT MILK   ;99482416577
1% LOWFAT MILK   ;99482417857
LOWFAT MILK   ;99482416614
LOW FAT YOGURT   ;99482446796
MAHI MAHI BURGERS   ;99482460938
MANDARIN ORANGES IN PEAR JUICE FROM CONCENTRATE   ;99482441678
MANGO CHUNKS   ;99482408534
MANGO CHUNKS   ;99482457129
MAPLE GINGERBREAD SANDWICH CREMES   ;99482451332
MAPLE SYRUP  CINNAMON INFUSED   ;99482461355
MAPLE SYRUP   ;99482408428
MARSHMALLOW BEARS   ;99482470463
MATZO BALL & CHICKEN SOUP   ;99482801076
MAYONNAISE   ;99482447571
MEATLESS BREAKFAST PATTIES   ;99482443269
MEATLESS BURGERS   ;99482443245
MEDITERRANEAN ROTISSERIE SEASONING   ;99482406844
MEDITERRANEAN SEAFOOD SEASONING   ;99482406875
MEDIUM BROWN GRADE A EGGS   ;99482458508
MEDIUM GRAIN ENRICHED CALROSE RICE   ;99482450601
MEDIUM PITTED RIPE GREEN OLIVES   ;99482416874
MEXICAN BLEND CHEESE   ;99482443382
MEXICAN BLEND   ;99482459956
MILD CHEDDAR & MONTEREY JACK CHEESE   ;99482403638
MILK CHOCOLATE BELGIAN LITTLE BITES PETITE BOUCHEES   ;99482417888
MILK CHOCOLATE MARSHMALLOW SQUARES   ;99482757076
MILK CHOCOLATE   ;99482439095
1% MILKFAT LOWFAT MILK   ;99482440817
2% MILKFAT REDUCED FAT MILK   ;99482416560
2% MILKFAT REDUCED FAT MILK   ;99482439859
2% MILKFAT REDUCED MILK   ;99482459253
MINERAL WATER   ;99482409463
MINESTRONE WITH FARRO SOUP   ;99482466916
MINI MARSHMALLOWS   ;99482471408
MINI PRETZEL TWISTS   ;99482428938
MINT ITALIAN SPARKLING MINERAL WATER   ;99482408879
MISMATCHED SANDWICH CREMES   ;99482402587
MIXED MEDITERRANEAN OLIVES   ;99482444617
MONTEREY JACK CHEESE   ;99482416898
MONTEREY JACK CHEESE   ;99482403621
MONTEREY JACK CHEESE   ;99482459659
MOUNTAIN FOREST RAW HONEY   ;99482446161
NONFAT YOGURT   ;99482463625
NONPAREILS SPRINKLES   ;99482471088
NUTRIENT ENHANCED WATER BEVERAGES   ;99482464943
NUTRIENT ENHANCED WATER BEVERAGE   ;99482464936
NUTRIENT ENHANCED WATER BEVERAGE   ;99482454623
OLD-FASHIONED ROLLED OATS   ;99482419929
OLIVE OIL   ;99482454708
OLIVE OIL   ;99482451028
OLIVE OIL   ;99482451004
ONION RINGS   ;99482444525
100% ORANGE JUICE   ;99482437053
ORANGE JUICE   ;99482407018
ORGANIC ALMONDMILK   ;99482436247
ORGANIC ANIMAL COOKIES   ;99482461263
ORGANIC APPLE JUICE   ;99482454654
ORGANIC APPLE SAUCE   ;99482435691
ORGANIC APPLE SAUCE   ;99482435677
ORGANIC BALSAMIC VINAIGRETTE   ;99482428044
ORGANIC BARBECUE SAUCE   ;99482454807
ORGANIC BLACK BEANS   ;99482441630
ORGANIC BLUEBERRY YOGURT   ;99482463601
ORGANIC BREAD & BUTTER CHIPS   ;99482413682
ORGANIC CAESAR DRESSING   ;99482469573
ORGANIC CANE SUGAR   ;99482424107
ORGANIC CARAMEL TRUFFLES   ;99482424398
ORGANIC CASTELVETRANO OLIVES   ;99482461119
ORGANIC CHINESE SZECHUAN SEASONING   ;99482445737
ORGANIC COCONUT MILK   ;99482416393
ORGANIC COUSCOUS   ;99482447915
ORGANIC CREAMY PEANUT BUTTER SPREAD   ;99482463267
ORGANIC CROUTONS    ;99482421373
ORGANIC CRUNCHY CINNAMON SQUARES   ;99482466336
ORGANIC DARK CHOCOLATE BAR   ;99482439194
ORGANIC DARK CHOCOLATE   ;99482439200
ORGANIC DISTILLED WHITE VINEGAR   ;99482449315
ORGANIC DISTILLED WHITE VINEGAR   ;99482449308
ORGANIC DRESSING   ;99482428167
ORGANIC DRESSING   ;99482448196
ORGANIC EARLY BIRD MULTI SEED BREAD SLICES   ;99482430948
ORGANIC EGG WHITES   ;99482465032
ORGANIC ENGLISH MUFFINS   ;99482137212
365 ORGANIC EVERYDAY VALUE  CHERRY FRUIT STRIP   ;99482418014
365 ORGANIC EVERYDAY VALUE  ORGANIC CRANBERRY FRUIT STRIP   ;99482417994
365 ORGANIC EVERYDAY VALUE  ORGANIC FRUIT STRIP  STRAWBERRY   ;99482417987
365 ORGANIC EVERYDAY VALUE  ORGANIC PEACH FRUIT STRIP   ;99482417970
365 ORGANIC EVERYDAY VALUE  ORGANIC VEGETARIAN CHILI  SPICY   ;99482421113
365 ORGANIC EVERYDAY VALUE  ORGANIC VERY BERRY FRUIT STRIP   ;99482417963
ORGANIC FRESH SQUEEZED ORANGE JUICE   ;99482405878
ORGANIC FRUIT & NUT GRANOLA   ;99482448714
ORGANIC GARLIC STUFFED OLIVES   ;99482461096
ORGANIC GREEN TEA FROM CONCENTRATE   ;99482454333
ORGANIC GREEN TEA   ;99482454326
ORGANIC HONEYCRISP APPLE JUICE   ;99482437862
ORGANIC HOT SAUCE   ;99482450359
ORGANIC ICE CREAM   ;99482450892
ORGANIC ICE CREAM   ;99482443290
ORGANIC INSTANT PUDDING   ;99482471552
ORGANIC ITALIAN SODA   ;99482465353
ORGANIC JUICE BLEND FROM CONCENTRATE   ;99482462079
ORGANIC 100% JUICE CIDER   ;99482456214
ORGANIC JUICE FROM CONCENTRATE   ;99482454012
ORGANIC 100% JUICE   ;99482462055
ORGANIC 100% JUICE   ;99482456108
ORGANIC 100% JUICE   ;99482437039
ORGANIC 100% JUICE   ;99482437022
ORGANIC 100% JUICE   ;99482454289
ORGANIC 100% JUICE   ;99482454234
ORGANIC 100% JUICE   ;99482454241
ORGANIC JUICE   ;99482405458
ORGANIC JUMBO GREEN OLIVES   ;99482444600
ORGANIC KOSHER BABY DILLS   ;99482413675
ORGANIC LECCINO PITTED OLIVES   ;99482461126
ORGANIC LEMONADE BEVERAGE FROM CONCENTRATE   ;99482453824
ORGANIC LEMONADE   ;99482450700
ORGANIC LEMONADE   ;99482441746
ORGANIC LEMONADE   ;99482420994
ORGANIC LEMONADE   ;99482456078
ORGANIC LONG GRAIN BROWN RICE   ;99482450502
ORGANIC LONG GRAIN WHITE RICE   ;99482450533
ORGANIC LOWFAT MILK   ;99482415501
ORGANIC LOWFAT MILK   ;99482415532
ORGANIC LOWFAT YOGURT   ;99482446802
ORGANIC MATCHA GREEN TEA   ;99482458416
ORGANIC MAYONNAISE   ;99482447557
ORGANIC MICROWAVE POPCORN   ;99482443894
ORGANIC MIL CHOCOLATE   ;99482439170
ORGANIC MOUNTAIN FOREST HONEY   ;99482446147
ORGANIC MOUNTAIN FOREST HONEY   ;99482446123
ORGANIC MUSTARD   ;99482447588
ORGANIC  MUSTARD   ;99482447595
ORGANIC MUSTARD   ;99482422141
ORGANIC NONFAT GREEK YOGURT   ;99482454968
ORGANIC NONFAT GREEK YOGURT   ;99482462017
ORGANIC NONFAT GREEK YOGURT   ;99482461997
ORGANIC NONFAT GREEK YOGURT   ;99482455019
ORGANIC NONFAT GREEK YOGURT   ;99482454999
ORGANIC NONFAT GREEK YOGURT   ;99482454920
ORGANIC NONFAT YOGURT   ;99482462000
ORGANIC NONFAT YOGURT   ;99482461959
ORGANIC NONFAT YOGURT   ;99482461980
ORGANIC NONFAT YOGURT   ;99482461973
ORGANIC NONFAT YOGURT   ;99482463595
ORGANIC OLD-FASHIONED ROLLED OATS   ;99482461867
ORGANIC ORANGE JUICE   ;99482405861
365 ORGANIC  ORGANIC PASTA SAUCE   ;99482422417
ORGANIC PASTA SAUCE   ;99482418373
ORGANIC PASTA SAUCE   ;99482458829
ORGANIC POPCORN   ;99482463779
ORGANIC RED PEPPER STUFFED OLIVES   ;99482461102
ORGANIC RED PEPPERS   ;99482444648
ORGANIC REFRIED BLACK BEANS   ;99482692261
ORGANIC RELISH   ;99482431648
ORGANIC RICE PILAF   ;99482453336
ORGANIC RICE PILAF   ;99482453343
ORGANIC RIP'S POWER-UP BOWL CEREAL   ;99482461232
ORGANIC RIP'S POWER-UP BOWL HOT CEREAL   ;99482461225
ORGANIC ROOT VEGETABLES   ;99482459734
ORGANIC SANDWICH SLICES   ;99482426620
ORGANIC SCUBA SNACKS   ;99482463717
ORGANIC SHAKSHOUKA SEASONING   ;99482445799
ORGANIC SHARP CHEDDAR CHEESE   ;99482443375
ORGANIC SHELLED EDAMAME   ;99482453664
ORGANIC SOUP   ;99482460129
ORGANIC SOY GINGER SAUCE   ;99482448073
ORGANIC SPARKLING APPLE CIDER VINEGAR TONIC   ;99482464981
ORGANIC SPARKLING APPLE CIDER VINEGAR TONIC   ;99482465001
ORGANIC SPARKLING APPLE CIDER VINEGAR TONIC   ;99482465018
ORGANIC SPELT BREAD   ;99482137168
ORGANIC SPICY KOREAN GOCHUJANG MUSTARD   ;99482469375
ORGANIC SPROUTED ANCIENT GRAINS BURGER BUNS   ;99482443726
ORGANIC SPROUTED ANCIENT GRAINS   ;99482443504
ORGANIC STEAK SAUCE   ;99482448042
ORGANIC STOCK   ;99482460112
ORGANIC STRING CHEESE   ;99482160319
ORGANIC STUFFING MIX WITH CHICKEN FLAVOR   ;99482424930
ORGANIC SWEET PEAS   ;99482441609
ORGANIC TACO SHELLS   ;99482421915
ORGANIC TAGINE SEASONING   ;99482445812
ORGANIC TARTAR SAUCE   ;99482448035
ORGANIC TEA & LEMONADE BLEND   ;99482441739
ORGANIC THAI JASMINE WHITE RICE   ;99482450540
ORGANIC THICK & CHUNKY SALSA   ;99482464301
ORGANIC TOASTED COCONUT CHIPS   ;99482463731
ORGANIC TOMATO KETCHUP   ;99482410681
ORGANIC TOMATO PASTE   ;99482414399
ORGANIC TRADITIONAL BAKED BEANS   ;99482415242
ORGANIC TRADITIONAL TORTILLAS   ;99482406141
ORGANIC VEGETABLE BROTH   ;99482442552
ORGANIC VEGETABLE BROTH   ;99482460235
ORGANIC VEGETARIAN CHILI   ;99482421106
ORGANIC VINAIGRETTE   ;99482428037
ORGANIC VINAIGRETTE   ;99482469580
ORGANIC VINAIGRETTE   ;99482428143
ORGANIC WATER CRACKERS   ;99482447526
ORGANIC WHEAT HOT DOG BUNS   ;99482137304
ORGANIC WHOLE BERRY CRANBERRY SAUCE   ;99482435370
ORGANIC WHOLE CASHEWS   ;99482434335
ORGANIC WHOLE PEELED TOMATOES   ;99482414429
ORGANIC WHOLE STRAWBERRIES   ;99482457136
OVEN-ROASTED TOMATOES WITH CRUSHED RED PEPPER   ;99482460907
OVEN ROASTED TURKEY BREAST   ;99482463328
PANETTONE   ;99482465285
PARMESAN CHEESE    ;99482415730
PASTA SAUCE   ;99482406493
PASTA SAUCE   ;99482458836
PEANUT BUTTER & COCOA BALLS   ;99482466343
PEANUT SAUCE   ;99482448066
PEANUTS   ;99482434465
PEARL ONIONS   ;99482439781
PECANS HALVES & PIECES   ;99482465070
PEPPER JACK   ;99482459635
PEPPERMINT BARK   ;99482465575
PEPPERMINT ITALIAN GELATO   ;99482462857
PINEAPPLE CHUNKS IN JUICE   ;99482441692
PINEAPPLE CHUNKS   ;99482408541
PINEAPPLE CHUNKS   ;99482466404
PINEAPPLE TIDBITS IN PINEAPPLE JUICE   ;99482441791
PINK ALASKAN WILD SALMON   ;99482416003
PINK PEPPERMINT ICE CREAM BARS   ;99482451295
PISTACHIO ITALIAN GELATO   ;99482450731
PITA CHIPS   ;99482463854
PITTED BLACK OLIVES   ;99482416836
PITTED KALAMATA OLIVES   ;99482466367
PIZZA BLEND   ;99482459994
PIZZA CRUST   ;99482468071
POPCORN   ;99482453114
POPCORN   ;99482465377
PORK BREAKFAST SAUSAGE   ;99482451417
POTATO CHIPS   ;99482444167
POTATO CHIPS   ;99482464066
PREMIUM ITALIAN MACARONI PRODUCT  LINGUINE   ;99482400040
PRETZEL NUGGETS   ;99482463861
PRETZEL TWISTS   ;99482464332
PUMPKIN ANGEL FOOD CAKE   ;99482408527
PUMPKIN GOAT CHEESE   ;99482465117
PUMPKIN PIE SPICE   ;99482451134
PUMPKIN SPICE BITES   ;99482465407
PUMPKIN SPICE GRANOLA WITH CRANBERRIES & APPLES   ;99482456184
100% PURE PUMPKIN   ;99482415235
PURE SPARKLING WATER   ;99482465520
PURE SPARKLING WATER   ;99482465476
RANCHERO BEANS   ;99482452766
RASPBERRIES   ;99482404840
RASPBERRIES   ;99482401276
RAW APPLE CIDER VINEGAR   ;99482472030
RAW & HULLED ORGANIC HEMP SEED   ;99482454760
REAL DAIRY WHIPPED CREAM   ;99482464110
RED LENTILS   ;99482438425
REDUCED FAT MILD CHEDDAR CHEESE   ;99482459673
REDUCED FAT MILK   ;99482430436
REDUCED FAT MILK   ;99482413774
2% REDUCED FAT MILK   ;99482434885
REDUCED FAT MILK   ;99482430566
REDUCED FAT MILK   ;99482430450
2% REDUCED FAT MILK   ;99482417840
REDUCED FAT MILK   ;99482415525
REDUCED FAT MILK   ;99482416607
REDUCED FAT MILK   ;99482430443
RICE CRACKERS   ;99482414917
RICE CRACKERS   ;99482463687
RICOTTA CHEESE   ;99482463052
ROASTED CORN POBLANO CHOWDER   ;99482801540
ROASTED PEPPER SALSA   ;99482459758
SAFFLOWER SEED OIL   ;99482446932
SALAD KIT   ;99482469344
SALMON BURGERS   ;99482460914
SALSA ROASTED CHIPOTLE   ;99482426491
SALSA   ;99482426460
SALTINE CRACKERS   ;99482410988
SANDWICH CREMES   ;99482401092
SANDWICH CREMES   ;99482402570
SAUCE   ;99482458393
SAUCE   ;99482448080
SAUERKRAUT   ;99482426644
SCONES   ;99482466268
SEA SALT   ;99482413026
SEASONING   ;99482406820
SESAME STICKS   ;99482440220
SHARP CHEDDAR CHEESE   ;99482412470
SHELLED EDAMAME   ;99482453640
SHELLED EDAMAME   ;99482462956
SHOYU SOY SAUCE   ;99482447649
SHREDDED ASIAGO CHEESE   ;99482461171
SKIM FAT FREE MILK   ;99482430504
SKIM FAT FREE MILK   ;99482417864
SKIM MILK   ;99482430528
SLICED ALMONDS   ;99482434175
SLICED PEACHES   ;99482402808
SLICED PEACHES   ;99482404888
SMOKED GOUDA SPREAD   ;99482802349
SMOKEHOUSE BACON   ;99482415174
SNOWFLAKE DINNER ROLLS   ;99482449599
SOCKEYE SALMON WILD ALASKAN   ;99482460983
SODA   ;99482439347
SODA   ;99482439378
SODA   ;99482439330
SODA   ;99482439309
SOUTHWESTERN BLACK BEAN SOUP   ;99482442668
SOYMILK   ;99482406400
SOY MILK   ;99482417055
SOYMILK   ;99482406394
SOY SAUCE   ;99482410711
SPANISH UNFILTERED COLD PROCESSED OLIVE OIL   ;99482454692
SPARKLING APPLE CIDER VINEGAR TONIC   ;99482464998
SPARKLING WATER   ;99482465483
SPARKLING WATER   ;99482465544
SPARKLING WATER   ;99482465568
SPARKLING WATER   ;99482465513
SPARKLING WATER   ;99482465490
SPARKLING WATER   ;99482465506
SPARKLING WATER   ;99482465537
SPICY SHRIMP BOIL   ;99482406882
SPICY SOUTHWESTERN MEATLESS BURGERS   ;99482443252
SPRING WATER   ;99482400927
SPRING WATER   ;99482418922
SPRING WATER   ;99482418915
SPRING WATER   ;99482418939
SPRING WATER   ;99482400903
STEVIA EXTRACT LIQUID   ;99482450786
STEVIA EXTRACT   ;99482409890
STRAWBERRY CONSERVE   ;99482161514
STRAWBERRY CREPES FRENCH RECIPE   ;99482468798
STRAWBERRY FILLED PEANUT BUTTER SNACKS   ;99482464097
STRAWBERRY ITALIAN SPARKLING MINERAL WATER   ;99482405663
STRING CHEESE   ;99482160326
SUNDAE FUNDAY   ;99482464288
SUPER SEED COOKIES   ;99482462864
SWEET PEAS   ;99482444457
SWEET RELISH   ;99482427504
TANGERINE JUCIE   ;99482406615
TANGY & SPICY BUFFALO SHRIMP   ;99482461034
TEMPURA SHRIMP   ;99482461027
THAI-STYLE CHICKEN NOODLE SOUP   ;99482442675
THICK & CHUNKY SALSA   ;99482426378
THIN CRUST PIZZA   ;99482431419
THOUSAND ISLAND DRESSING   ;99482466435
THOUSAND ISLAND DRESSING   ;99482469498
TINY SHRIMP   ;99482446635
TOASTED COCONUT CHIPS   ;99482463748
TOASTED SESAME SEED OIL   ;99482446888
TOFFEE POPCORN CRUNCH   ;99482439668
TOFU   ;99482409241
TOMATO BASIL SOUP   ;99482803698
TOMATOES WITH GARLIC & CAPERS   ;99482460891
TORONTO STEAK & CHICKEN RUB   ;99482406868
TORTILLA CHIPS   ;99482464011
TORTILLA CHIPS   ;99482411206
TORTILLA CHIPS   ;99482464004
TORTILLAS MULTIGRAIN   ;99482450205
TORTILLAS   ;99482450212
TORTILLAS   ;99482450243
TRADITIONAL HUMMUS   ;99482443887
TRADITIONAL PANETTONE   ;99482451202
TRAIL MIX   ;99482465100
TRI-COLOR TORTILLA STRIPS   ;99482463908
TRUFFLE MOUSSE   ;99482460297
TUNA BURGERS   ;99482460921
TWO-BITE CHOCOLATE CHIP COOKIES   ;99482466213
UNCURED APPLE SMOKED BACON   ;99482770211
UNCURED GRASS-FED BEEF HOT DOGS   ;99482470647
UNCURED TURKEY HOT DOGS   ;99482470654
UNFILTERED APPLE CIDER VINEGAR   ;99482413019
UNFILTERED EXTRA VIRGIN OLIVE OIL   ;99482438104
UNREFINED EXPELLER PRESSED SESAME SEED OIL   ;99482446895
UNSWEETENED GREEN TEA   ;99482454319
VEGAN PIZZA   ;99482454777
VEGETABLE BROTH   ;99482460228
VEGETABLE BROTH   ;99482442521
VEGETABLE CHILI   ;99482801663
VEGETABLE MEDLEY SOUP   ;99482466879
VEGETARIAN GOAT CHEESE   ;99482444280
VEGGIE CHIPS   ;99482402532
VINAIGRETTE   ;99482469504
VITAMIN A & D MILK   ;99482413750
VITAMIN D MILK   ;99482430078
VITAMIN D MILK   ;99482413767
VITAMIN D WHOLE MILK   ;99482459307
WATERMELON ITALIAN SPARKLING MINERAL WATER   ;99482464257
WATER   ;99482422028
WELLSPRING CREAMERY  GOAT CHEESE  CRANBERRY ORANGE   ;99482440114
WELLSPRING CREAMERY  GOAT MILK BRIE  SOFT RIPENED GOAT CHEESE   ;99482438845
WHEAT WAFFLES CEREAL   ;99482439026
WHIPPED TOPPING   ;99482431334
WHITE QUINOA   ;99482414764
WHITE RAW HONEY   ;99482446178
WHITE RICE   ;99482413484
WHITE RICE   ;99482450625
WHITE SANDWICH BREAD   ;99482449612
WHITE SHRIMP   ;99482461003
WHITE SHRIMP   ;99482460990
WHOLE ALMONDS   ;99482434151
WHOLE ALMONDS   ;99482463380
WHOLE CASHEWS   ;99482434212
WHOLE CATCH  HOT SMOKED SOCKEYE WILD ALASKAN SLAMON  CAJUN SPICE   ;99482427498
WHOLE CATCH  MUSSELS IN SAUCE  LEMONGRASS CURRY   ;99482460341
WHOLE CATCH  MUSSELS  TOMATO & BASIL   ;99482460334
WHOLE CATCH  SALMON JERKY  MISO GINGER   ;99482452612
WHOLE CATCH  SEAFOOD BURGER   ;99482447663
WHOLE CATCH  SOCKEYE SALMON   ;99482427474
WHOLE CATCH  WILD ALASKAN SOCKEYE SALMON FILLETS   ;99482411060
WHOLE CHOCOLATE MILK   ;99482439927
WHOLE CHOCOLATE MILK   ;99482439910
WHOLE FOODS MARKET  AGED BALSAMIC VINEGAR   ;99482452223
WHOLE FOODS MARKET  ALL PURPOSE SEASONING   ;99482446260
WHOLE FOODS MARKET  ANGEL FOOD CAKE  CHOCOLATE   ;99482408510
WHOLE FOODS MARKET  ANGEL FOOD CAKE   ;99482408503
WHOLE FOODS MARKET  ARTICHOKE  KALE & SWISS CHARD BITES   ;99482454098
WHOLE FOODS MARKET  ARTICHOKE SPINACH DIP   ;99482800048
WHOLE FOODS MARKET  ARTICHOKE SPINACH DIP   ;99482800031
WHOLE FOODS MARKET  ASIAGO CHEESE SHREDDED   ;99482415419
WHOLE FOODS MARKET  BLOOD ORANGE ITALIAN SODA   ;99482427733
WHOLE FOODS MARKET  BLUE CHEESE DIP   ;99482800284
WHOLE FOODS MARKET  CAPPUCCINO TRUFFLES   ;99482409265
WHOLE FOODS MARKET  CARAMELS CANDY   ;99482417727
WHOLE FOODS MARKET  CAULIFLOWER & CHEESE SOUP   ;99482806286
WHOLE FOODS MARKET  CHICKEN NOODLE SOUP   ;99482801687
WHOLE FOODS MARKET  CHILI CON QUESO   ;99482800291
WHOLE FOODS MARKET  CHILI CON QUESO   ;99482800307
WHOLE FOODS MARKET  CHOPHOUSE SEASONING   ;99482446239
WHOLE FOODS MARKET  CROSTINI CRISP ITALIAN TOAST  ORIGINAL   ;99482414047
WHOLE FOODS MARKET  DARK CHOCOLATE & ALMOND   ;99482448257
WHOLE FOODS MARKET  365 EVERYDAY VALUE  SKIM MILK   ;99482434861
WHOLE FOODS MARKET  365 EVERYDAY VALUE  UNBLEACHED ALL-PURPOSE BAKING FLOUR   ;99482414474
WHOLE FOODS MARKET  EXTRA VIRGIN OLIVE OIL OF SEVILLE   ;99482450991
WHOLE FOODS MARKET  FETTUCCINE ALFREDO ITALIAN CUISINE   ;99482443122
WHOLE FOODS MARKET  FRESH MOZZARELLA BOCCONCINI   ;99482439804
WHOLE FOODS MARKET  FRESH MOZZARELLA CILIEGINE   ;99482412333
WHOLE FOODS MARKET  FRESH MOZZARELLA OVOLINE   ;99482412340
WHOLE FOODS MARKET  FRESH MOZZARELLA   ;99482439811
WHOLE FOODS MARKET  GENERAL ISO'S SAUCE   ;99482448103
WHOLE FOODS MARKET  GNOCCHI ALLA SORRENTINA   ;99482443177
WHOLE FOODS MARKET  GNOCCHI QUATTRO FORMAGGI   ;99482443153
WHOLE FOODS MARKET  GOAT CHEESE CRUMBLES   ;99482432119
WHOLE FOODS MARKET  GORGONZOLA CRUMBLES   ;99482412319
WHOLE FOODS MARKET  GREEK YOGURT  STRAWBERRY   ;99482454913
WHOLE FOODS MARKET  GREEN CURRY RICE & VEGGIES   ;99482454173
WHOLE FOODS MARKET  HAZELNUT TRUFFLES   ;99482442262
WHOLE FOODS MARKET  HOMESTYLE TWO WHEAT PIE SHELLS   ;99482426194
WHOLE FOODS MARKET  ICE CREAM  CHOCOLATE   ;99482443306
WHOLE FOODS MARKET  ICE CREAM  VANILLA   ;99482443320
WHOLE FOODS MARKET  ITALIAN SODA  APPLE PEAR GINGER   ;99482462109
WHOLE FOODS MARKET  ITALIAN SODA  LIME   ;99482449438
WHOLE FOODS MARKET  ITALIAN SPARKLING MINERAL WATER  LEMON   ;99482431259
WHOLE FOODS MARKET  ITALIAN SPARKLING MINERAL WATER  LIME   ;99482431273
WHOLE FOODS MARKET  ITALIAN SPARKLING MINERAL WATER  LIME   ;99482427771
WHOLE FOODS MARKET  KOREAN BBQ SAUCE   ;99482448127
WHOLE FOODS MARKET  LADYFINGERS   ;99482451172
WHOLE FOODS MARKET  LIMONCELLO ITALIAN GELATO   ;99482453626
WHOLE FOODS MARKET  MILK CHOCOLATE TOFFEE & SEA SALT   ;99482439118
WHOLE FOODS MARKET  MUCHI CURRY SEASONING   ;99482445775
WHOLE FOODS MARKET  MURRAY RIVER SALT   ;99482446529
WHOLE FOODS MARKET  NUTRIENT ENHANCED + VITAMIN D WATER BEVERAGE  SWEET ORANGE   ;99482454074
WHOLE FOODS MARKET  NUTRIENT ENHANCED WATER BEVERAGE  ORANGE   ;99482454630
WHOLE FOODS MARKET  OATMEAL BREAD   ;99482137151
WHOLE FOODS MARKET  OLIVE OIL OF CHILE   ;99482451035
WHOLE FOODS MARKET  ORANGE SPONGE CAKE   ;99482435288
WHOLE FOODS MARKET  ORGANIC BALTI CURRY SEASONING   ;99482445706
WHOLE FOODS MARKET  ORGANIC BERBERE SEASONING   ;99482445713
WHOLE FOODS MARKET  ORGANIC CARIBBEAN JERK SAUCE & MARINADE   ;99482458676
WHOLE FOODS MARKET  ORGANIC CASARECCE  MACARONI PRODUCT   ;99482431150
WHOLE FOODS MARKET  ORGANIC CAVATELLI PASTA  MACARONI PRODUCT   ;99482436780
WHOLE FOODS MARKET  ORGANIC CHALLAH BREAD   ;99482137311
WHOLE FOODS MARKET  ORGANIC CHALLAH ROLL   ;99482137281
WHOLE FOODS MARKET  ORGANIC COOKIE CRUMBLE TRUFFLES   ;99482442163
WHOLE FOODS MARKET  ORGANIC DATE & FIG NONFAT GREEK YOGURT   ;99482454937
WHOLE FOODS MARKET  ORGANIC FARFALLE BRONZE CUT PASTA  MACARONI PRODUCT   ;99482431778
WHOLE FOODS MARKET  ORGANIC HARISSA SEAOSONING   ;99482445751
WHOLE FOODS MARKET  ORGANIC IMMUNE REFRESHER JUICE BLEND  CARROT & ORANGE WITH TURMERIC   ;99482462062
WHOLE FOODS MARKET  ORGANIC INDONESIAN SATAY SEASONING   ;99482445768
WHOLE FOODS MARKET  ORGANIC NONFAT GREEK YOGURT  STRAWBERRY & BANANA   ;99482455002
WHOLE FOODS MARKET  ORGANIC ORECCHIETTE REGATE MACARONI   ;99482431167
WHOLE FOODS MARKET  ORGANIC ORGO  MACARONI PRODUCT   ;99482431129
WHOLE FOODS MARKET  ORGANIC PIPE RIGATE PASTA   ;99482431181
WHOLE FOODS MARKET  ORGANIC PITA BREAD   ;99482137199
WHOLE FOODS MARKET  ORGANIC 2% PLAIN ORGANIC LOWFAT YOGURT GREEK YOGURT   ;99482461966
WHOLE FOODS MARKET  ORGANIC RIGATONI   ;99482431198
WHOLE FOODS MARKET  ORGANIC SEED MEDLEY ARTISAN BREAD   ;99482455941
WHOLE FOODS MARKET  ORGANIC SEVEN GRAIN BREAD   ;99482137144
WHOLE FOODS MARKET  ORGANIC STRAWBERRY & BANANA JUICE   ;99482454029
WHOLE FOODS MARKET  ORGANIC VINDALOO CURRY SEASONING   ;99482445843
WHOLE FOODS MARKET  ORGANIC WHITE WHEAT BREAD   ;99482137137
WHOLE FOODS MARKET  ORGANIC WHOLE WHEAT PITA BREAD   ;99482137205
WHOLE FOODS MARKET  ORGANIC ZITI   ;99482431136
WHOLE FOODS MARKET  PASTA  ITALIAN CUISINE   ;99482443146
WHOLE FOODS MARKET  PASTEURIZED PROCESS CHEESE PRODUCT   ;99482460099
WHOLE FOODS MARKET  PINK GRAPE FRUIT ITALIAN SODA   ;99482431600
WHOLE FOODS MARKET  POTATO & PEA SAMOSAS   ;99482442958
WHOLE FOODS MARKET  RED CURRY TOBU RICE & VEGGIES   ;99482454180
WHOLE FOODS MARKET  SAUCE  PEANUT  COCONUT   ;99482453916
WHOLE FOODS MARKET  SAUCE  SWEET & SOUR   ;99482448110
WHOLE FOODS MARKET  SPICED CRANBERRY FRUIT SPREAD   ;99482461294
WHOLE FOODS MARKET  SPINACH KALE DIP   ;99482806095
WHOLE FOODS MARKET  STIR FRY VEGETABLES   ;99482443207
WHOLE FOODS MARKET  TANDOORI CHICKEN SAMOSAS   ;99482442965
WHOLE FOODS MARKET  TANGERINE ITALIAN SODA   ;99482431587
WHOLE FOODS MARKET  THAI CUISINE   ;99482454203
WHOLE FOODS MARKET  TINY TRAPEZE BUTTER COOKIES  HONEY CRISP   ;99482461188
WHOLE FOODS MARKET  TOMATO BASIL   ;99482801656
WHOLE FOODS MARKET  TROPICAL BLEND ITALIAN SODA   ;99482449445
WHOLE FOODS MARKET  TRUFFLED ESPRESSO BEANS   ;99482424565
WHOLE FOODS MARKET  TRUFFLED WALNUTS   ;99482413835
WHOLE FOODS MARKET  VEGETABLE CHILI   ;99482804169
WHOLE FOODS MARKET  VEGETABLE FRIED RICE   ;99482443221
WHOLE FOODS MARKET  VEGETABLE POTSTICKERS   ;99482443078
WHOLE FOODS MARKET  WHITE HOT DOG BUNS   ;99482137298
WHOLE FOODS MARKET  WOOD-FIRED PIZZA   ;99482451127
WHOLE FOODS MARKET  ZERO CALORIE - LEMONADE+VITAMIN C  LEMONADE   ;99482454067
WHOLE KERNEL SWEET CORN   ;99482441593
WHOLE KERNEL SWEET CORN   ;99482464158
WHOLE MILK ORGANIC YOGURT   ;99482446789
WHOLE MILK RICOTTA CHEESE   ;99482463045
WHOLE MILK   ;99482439903
WHOLE MILK   ;99482417833
WHOLE MILK   ;99482415518
WHOLE MILK   ;99482416553
WHOLE PEELED TOMATOES   ;99482401153
WHOLE STRAWBERRIES   ;99482404857
WHOLE STRAWBERRIES   ;99482401269
WHOLE VITAMIN D MILK   ;99482417796
WHOLE VITAMIN D MILK   ;99482430399
WHOLE VITAMIN D MILK   ;99482416591
WHOLE VITAMIN D MILK   ;99482430412
WHOLE VITAMIN D MILK   ;99482430191
WHOLE VITAMIN D MILK   ;99482439873
WHOLE VITAMIN D MILK   ;99482439842
WHOLE VITAMIN D MILK   ;99482434878
WHOLE VITAMIN D MILK   ;99482430184
WHOLE VITAMIN D MILK   ;99482459291
WHOLE WHEAT MACARONI PRODUCT  PENNE RIGATE   ;99482410902
WHOLE WHEAT MINI PANCAKES   ;99482442859
WILD KRATTS  WHOLE GRAIN ANIMAL CRACKER   ;99482461270
WILD RICE   ;99482450656
WILD SALMON   ;99482415990
WILD TUNA IN EXTRA VIRGIN OLIVE OIL   ;99482470692
WOOD-FRIED PIZZA   ;99482442798
