,address,city,state,postal_code
1,3100 Cahaba Village Plaza,Birmingham,AL,35243
2,3968 Airport Blvd,Mobile,AL,36608
3,2501 Memorial Pkwy SW,Huntsville,AL,35801
4,3780 Riverchase Village,Hoover,AL,35244
5,1450 Taylor Rd,Montgomery,AL,36117
6,3425 N. College Avenue,Fayetteville,AR,72703
7,501 Bowman Road,Little Rock,AR,72211
8,3360 E. Speedway Blvd.,Tucson,AZ,85716
9,10810 N Tatum Blvd,Phoenix,AZ,85028
10,4701 N 20th Street,Phoenix,AZ,85016
11,2955 West Ray Road,Chandler,AZ,85225
12,1420 West Hwy. 89A,Sedona,AZ,86336
13,7133 N Oracle Rd,Tucson,AZ,85704
14,320 S. Cambridge Lane,Flagstaff,AZ,86001
15,5555 E. River Road,Tucson,AZ,85750-1949
16,7111 East Mayo Boulevard,Phoenix,AZ,85054
17,5120 S. Rural Rd,Tempe,AZ,85282
18,925 Main St,West Vancouver,BC,V7T 2Z3
19,4420 Lougheed Highway,Burnaby,BC,V5C 3Z3
20,1675 Robson Street,Vancouver,BC,V6G 1C8
21,510 West 8th Avenue,Vancouver,BC,V5Z 1C5
22,3587 Blanshard St,Victoria,BC,V8Z 0B9
23,2285 West 4th Avenue,Vancouver,BC,V6K 1N9
24,120 East 13th Street,North Vancouver,BC,V7L 4W8
25,19340 Rinaldi Street,Northridge,CA,91326
26,405 North Pacific Coast Hwy,Redondo Beach,CA,90277
27,1250 Jefferson Ave,Redwood City,CA,94062
28,1001 Galleria Blvd.,Roseville,CA,95678
29,450 Rhode Island St,San Francisco,CA,94107
30,621 E. Washington St,Petaluma,CA,94952
31,760 South Sepulveda Blvd.,El Segundo,CA,90245
32,3761 State Street,Santa Barbara,CA,93105
33,3751 E. Foothill Blvd.,Pasadena,CA,91107
34,774 Emerson Street,Palo Alto,CA,94301
35,6910 McKinley St,Sebastopol,CA,95472
36,100 Sunset Drive,San Ramon,CA,94583
37,2655 Pacific Coast Hwy,Torrance,CA,90505
38,15980 Los Gatos Blvd,Los Gatos,CA,95032
39,3682 Bel Aire Plaza,Napa,CA,94558
40,331 North Glendale Ave,Glendale,CA,91206
41,230 Bay Place,Oakland,CA,94612
42,711 University Ave,San Diego,CA,92103
43,7871 Santa Monica Blvd,West Hollywood,CA,90046
44,2847 Park Avenue,Tustin,CA,92782
45,3502 Mt. Diablo Blvd.,Lafayette,CA,94549
46,8825 Villa La Jolla Dr,La Jolla,CA,92037-9994
47,4800 El Camino Real,Los Altos,CA,94022
48,6550 E. Pacific Coast Highway,Long Beach,CA,90803
49,23932 Aliso Creek Road,Laguna Niguel,CA,92677
50,12905 Riverside Drive,Sherman Oaks,CA,91423
51,414 Miller Ave,Mill Valley,CA,94941
52,1425 Montana Ave.,Santa Monica,CA,90403
53,3950 24th Street,San Francisco,CA,94114
54,790 De Long Avenue,Novato,CA,94945-7005
55,740 North Moorpark Rd,Thousand Oaks,CA,91360
56,4520 N. Sepulveda Blvd,Sherman Oaks,CA,91403
57,911 Soquel Ave,Santa Cruz,CA,95062
58,1010 Park Place,San Mateo,CA,94403
59,2520 Glendale Blvd,Los Angeles,CA,90039
60,1531 Froom Ranch Way,San Luis Obispo,CA,93405
61,12746 West Jefferson Blvd Suite #1100,Playa Vista,CA,90094
62,1025 Gilman Street,Berkeley,CA,94710
63,777 The Alameda,San Jose,CA,95126
64,5200 Dublin Blvd.,Dublin,CA,94568
65,788 S. Grand Avenue,Los Angeles,CA,90017
66,44-459 Town Center Way,Palm Desert,CA,92260
67,3301 Imperial Hwy.,Brea,CA,92823
68,2732 Augustine Drive,Santa Clara,CA,95054
69,2121 Cloverfield Blvd,Santa Monica,CA,90404
70,2085 Diamond Blvd.,Concord,CA,94520
71,3881 Lakewood Blvd.,Long Beach,CA,90808
72,2941 Ygnacio Valley Rd.,Walnut Creek,CA,94598
73,2153 W. Baseline Rd.,Upland,CA,91784
74,3401 West Olive Avenue,Burbank,CA,91505
75,8525 Irvine Center Drive,Irvine,CA,92618
76,2201 Wilshire Blvd,Santa Monica,CA,90403
77,2001 Market Street,San Francisco,CA,94114
78,"2600 Via De La Valle, Suite 100",Del Mar,CA,92014
79,Sonoma Marketplace,Sonoma,CA,95476
80,399 4th Street,San Francisco,CA,94107
81,340 Third St,San Rafael,CA,94901
82,1181 Yulupa Ave,Santa Rosa,CA,95405
83,20955 Stevens Creek Blvd,Cupertino,CA,95014
84,690 Stanyan Street,San Francisco,CA,94117-3305
85,650 W. Shaw Ave.,Fresno,CA,93704
86,3111 Mowry Avenue,Fremont,CA,94538
87,18700 Ventura Blvd,Tarzana,CA,91356
88,225 Lincoln Blvd.,Venice,CA,90291
89,1333 Newell Ave,Walnut Creek,CA,94596
90,11666 National Blvd,Los Angeles,CA,90064
91,1050 S. Gayley Ave,Los Angeles,CA,90024
92,1150 Ocean Ave,San Francisco,CA,94112
93,415 Newport Center Drive,Newport Beach,CA,92660
94,650 Town Center Drive,Oxnard,CA,93036
95,24130 Valencia Blvd,Santa Clarita,CA,91355
96,1765 California St,San Francisco,CA,94109
97,800 Del Monte Center,Monterey,CA,93940
98,4315 Arden Way,Sacramento,CA,95864
99,731 East Blithedale,Mill Valley,CA,94941
100,1146 Blossom Hill Road,San Jose,CA,95118
101,7881 Edinger Ave Suite 150,Huntington Beach,CA,92647
102,3000 Telegraph Ave,Berkeley,CA,94705
103,465 South Arroyo Parkway,Pasadena,CA,91105
104,6350 West 3rd Street,Los Angeles,CA,90036
105,270 Palladio Parkway,Folsom,CA,95630
106,390 Coddingtown Mall,Santa Rosa,CA,95401
107,283 Broadway St.,Laguna Beach,CA,92651
108,239 North Crescent Dr,Beverly Hills,CA,90210
109,1710 41st Avenue,Capitola,CA,95010
110,21347 Ventura Blvd,Woodland Hills,CA,91364
111,1690 South Bascom Ave,Campbell,CA,95008
112,11737 San Vicente Blvd,Los Angeles,CA,90049
113,7635 North Academy Blvd,Colorado Springs,CO,80920-3207
114,1275 Alpine Ave.,Boulder,CO,80304
115,303 Marshall Rd.,Superior,CO,80027
116,444 S.Wadsworth Blvd,Lakewood,CO,80226
117,2201 S College Ave,Fort Collins,CO,80525
118,7400 E. Hampden Ave,Denver,CO,80231
119,2375 E. 1st Ave,Denver,CO,80206
120,340 Reed Street,Basalt,CO,81621
121,5155 S. Wadsworth Blvd.,Littleton,CO,80123-2217
122,870 S. Colorado Blvd.,Glendale,CO,80246
123,261 Lusher Court,Frisco,CO,80443
124,2905 Pearl St,Boulder,CO,80301
125,4451 Main St.,Westminster,CO,80031
126,1701 Wewatta Street,Denver,CO,80202
127,9366 S. Colorado Blvd.,Highlands Ranch,CO,80126
128,6853 South York Street,Centennial,CO,80122
129,1250 South Hover Road,Longmont,CO,80501
130,1111 S. Washington Street,Denver,CO,80210
131,14357 W. Colfax Ave.,Golden,CO,80401
132,399 Post Road West,Westport,CT,06880
133,1686 Boston Post Road,Milford,CT,06460
134,5C Sugar Hollow Road,Danbury,CT,06810
135,340 N. Main St.,West Hartford,CT,06117
136,150 Ledge Road,Darien,CT,06820
137,50 Raymond Rd,West Hartford,CT,06107
138,55 Welles Street,Glastonbury,CT,06033
139,90 E. Putnam Ave.,Greenwich,CT,06830
140,350 Grasmere Avenue,Fairfield,CT,06824
141,4530 40th St NW Tenley Circle,Washington,DC,20016
142,101 H St. SE,Washington,DC,20003
143,2201 I Street NW,Washington,DC,20037
144,1440 P Street NW,Washington,DC,20005
145,"600 H Street, NE",Washington,DC,20002
146,2000 N Federal Hwy,Fort Lauderdale,FL,33305
147,3490 SW Archer Rd,Gainesville,FL,32608
148,10601 San Jose Blvd,Jacksonville,FL,32257
149,4402 Legendary Drive,Destin,FL,32541
150,1817 Thomasville Road,Tallahassee,FL,32303
151,2411 N Federal Highway,Pompano Beach,FL,33062
152,1020 Alton Road,Miami Beach,FL,33139
153,1030 N. Orlando Ave,Winter Park,FL,32789
154,1451 1st Street,Sarasota,FL,34236
155,12150 Biscayne Blvd,North Miami,FL,33181
156,14956 Pines Blvd,Pembroke Pines,FL,33027
157,810 University Drive,Coral Springs,FL,33071
158,27001 US 19 North,Clearwater,FL,33761
159,7930 SW 104 Street,Miami,FL,33156
160,5298 University Parkway,Sarasota,FL,34243
161,6701 Red Road,Coral Gables,FL,33143
162,305 East Altamonte Drive,Altamonte Springs,FL,32701
163,2635 State Road 7,Wellington,FL,33414-9372
164,21105 Biscayne Blvd,Aventura,FL,33180
165,1548 North Dale Mabry Highway.,Tampa,FL,33607
166,8003 Turkey Lake Road,Orlando,FL,32819
167,3802 Northdale Blvd.,Tampa,FL,33624-1833
168,1400 Glades Rd,Boca Raton,FL,33431
169,6891 Daniels Pkwy,Fort Myers,FL,33966
170,299 SE 3rd Ave,Miami,FL,33131
171,1903 S. University Drive,Davie,FL,33324
172,11701 Lake Victoria Gardens Ave,Palm Beach Gardens,FL,33410
173,1845 Palm Beach Lakes Boulevard,West Palm Beach,FL,33401
174,9101 Strada Place,Naples,FL,34108
175,2800 Old Milton Pkwy,Alpharetta,GA,30009
176,650 Ponce de Leon Ave NE,Atlanta,GA,30308
177,1311 Johnson Ferry Road NE,Marietta,GA,30068
178,1300 Ernest Barrett Parkway,Kennesaw,GA,30144
179,3535 Northside Parkway,Atlanta,GA,30327
180,1815 E. Victory Drive,Savannah,GA,31404
181,5945 State Bridge Rd,Johns Creek,GA,30097
182,1555 Church St.,Decatur,GA,30030
183,77 West Paces Ferry Rd NW,Atlanta,GA,30305
184,2111 Briarcliff Rd NE,Atlanta,GA,30329
185,5930 Roswell Rd,Atlanta,GA,30328
186,5001 Peachtree Boulevard,Chamblee,GA,30341
187,"629 Kailua Road, Suite 100",Kailua,HI,96734
188,388 Kamakee Street,Honolulu,HI,96814
189,70 East Kaahumanu Avenue #B,Kahului,HI,96732
190,4211 Wai'alae Avenue,Honolulu,HI,96816
191,4100 University Ave Suite #260,West Des Moines,IA,50266
192,401 S. Broadway,Boise,ID,83702
193,89 Danada Square East,Wheaton,IL,60189
194,6300 S. Robert Kingery Highway,Willowbrook,IL,60527
195,5118 S. Lake Park Ave,Chicago,IL,60615
196,1550 N. Kingsbury Street,Chicago,IL,60642
197,7245 Lake St,River Forest,IL,60305
198,832 W 63rd Street,Chicago,IL,60621
199,500 E. Ogden Ave.,Hinsdale,IL,60521
200,2607 W. 75th Street,Naperville,IL,60540
201,750 N. Martingale Rd.,Schaumburg,IL,60173
202,760 Waukegan Rd,Deerfield,IL,60015
203,1101 S. Canal St,Chicago,IL,60607
204,1640 Chicago Ave,Evanston,IL,60201
205,255 E. Grand Ave,Chicago,IL,60611
206,959 West Fullerton Avenue,Chicago,IL,60614
207,1 N. Halsted Street,Chicago,IL,60661
208,3201 N. Ashland Avenue,Chicago,IL,60657
209,30 West Huron St,Chicago,IL,60654
210,6009 North Broadway,Chicago,IL,60660
211,15260 S. LaGrange Road,Orland Park,IL,60462
212,215 S. IL Rte 83,Elmhurst,IL,60126
213,6020 N Cicero Ave,Chicago,IL,60646
214,2748 Green Bay Road,Evanston,IL,60201
215,225 W. Touhy Ave,Park Ridge,IL,60068
216,20281 N Rand Road,Kildeer,IL,60074
217,3640 N Halsted St,Chicago,IL,60613
218,840 Willow Road,Northbrook,IL,60062
219,851 N. Milwaukee Avenue,Vernon Hills,IL,60061
220,199 US HWY 41,Schererville,IN,46375
221,1300 E. 86th St.,Indianapolis,IN,46240
222,4230 Grape Road,Mishawaka,IN,46545-1007
223,320 E. Market St.,Indianapolis,IN,46204
224,14598 Clay Terrace Blvd.,Carmel,IN,46032
225,1423 N. Webb Rd.,Wichita,KS,67206
226,6621 West 119th Street,Overland Park,KS,66209-2020
227,14615 W. 119th Street,Olathe,KS,66062
228,4059 Finn Way,Lexington,KY,40503
229,4944 Shelbyville Road,Louisville,KY,40207
230,300 N Broad St,New Orleans,LA,70119
231,5600 Magazine Street,New Orleans,LA,70115
232,3450 Highway 190,Mandeville,LA,70471
233,4247 Ambassador Caffery Parkway,Lafayette,LA,70508
234,3420 Veterans Memorial Blvd,Metairie,LA,70002
235,7529 Corporate Blvd,Baton Rouge,LA,70809
236,1380 E 70th St,Shreveport,LA,71105
237,255 Hartford Ave,Bellingham,MA,02019
238,2151 Mystic Valley Parkway,Medford,MA,02155
239,990 Iyannough Road,Hyannis,MA,02601
240,880 Main Street,Melrose,MA,02176-2346
241,442 Washington Street,Wellesley,MA,02482
242,400 Cambridge Rd.,Woburn,MA,01801
243,94 Derby Street,Hingham,MA,02043
244,327 Russell St,Hadley,MA,01035
245,808 Massachusetts Avenue,Arlington,MA,02476
246,45 Beacon Street,Somerville,MA,02143
247,100 Market Street,Lynnfield,MA,01940
248,51 Austin St.,Charlestown,MA,02129
249,40 Railroad St.,Andover,MA,01810
250,170 Great Rd,Bedford,MA,01730
251,575 Worcester Rd,Framingham,MA,01701
252,916 Walnut St,Newton,MA,02461
253,200 Alewife Brook Pkwy,Cambridge,MA,02138
254,1028 Beacon Street,Brookline,MA,02446
255,193 Boston Turnpike,Shrewsbury,MA,01545
256,536 Boston Post Road,Sudbury,MA,01776
257,35 Pleasant Street,South Weymouth,MA,02190
258,340 River St,Cambridge,MA,02139
259,348 Harrison Avenue,Boston,MA,02118
260,115 Prospect St,Cambridge,MA,02139
261,300 Legacy Place,Dedham,MA,02026
262,413 Centre Street,Jamaica Plain,MA,02130
263,160 Littleton Road,Westford,MA,01886
264,647 Washington Street,Newtonville,MA,02458
265,331 Paradise Rd,Swampscott,MA,01907
266,15 Westland Ave,Boston,MA,02115
267,181 Cambridge St,Boston,MA,02114
268,15 Washington Street,Brighton,MA,02135
269,11355 Woodglen Drive,Rockville,MD,20852
270,200 Harker PIace,Annapolis,MD,21401
271,6621-B Baltimore Ave,Riverdale Park,MD,20737
272,1330 Smith Ave,Baltimore,MD,21209
273,5269 River Rd,Bethesda,MD,20816
274,4420 Willard Ave.,Chevy Chase,MD,20815
275,1001 Fleet Street,Baltimore,MD,21202
276,10275 Little Patuxent Pkwy,Columbia,MD,21044
277,833 Wayne Ave,Silver Spring,MD,20910
278,316 Kentlands Blvd,Gaithersburg,MD,20878-5454
279,2 Somerset St,Portland,ME,04101
280,2750 E. Grand River Ave.,East Lansing,MI,48823
281,115 Mack Ave.,Detroit,MI,48201
282,7350 Orchard Lake Road,West Bloomfield,MI,48322
283,3135 Washtenaw Ave,Ann Arbor,MI,48104
284,990 W. Eisenhower Parkway,Ann Arbor,MI,48103
285,2100 East Maple Road,Birmingham,MI,48009
286,2918 Walton Blvd,Rochester Hills,MI,48309
287,1575 Selby Ave.,St Paul,MN,55104
288,222 Hennepin Avenue,Minneapolis,MN,55401
289,7401 France Ave S,Edina,MN,55435
290,305 Radio Drive,Woodbury,MN,55125
291,3060 Excelsior Blvd,Minneapolis,MN,55416
292,1001 Plymouth Road,Minnetonka,MN,55305
293,12201 Elm Creek Blvd N,Maple Grove,MN,55369
294,1601 S. Brentwood Blvd,Saint Louis,MO,63144
295,4577 West Pine Blvd,St. Louis,MO,63108
296,1160 Town and Country Crossing,Town and Country,MO,63017
297,301 E. 51st Street,Kansas City,MO,64112
298,4500 I-55 North Suite 99,Jackson,MS,39211
299,70 Merrimon Ave,Asheville,NC,28801
300,400 East Stonewall St.,Charlotte,NC,28202
301,9129 Sam Furr Rd.,Huntersville,NC,28078
302,4 South Tunnel Rd.,Asheville,NC,28805
303,7221 Waverly Walk Ave.,Charlotte,NC,28277
304,102B New Waverly Place,Cary,NC,27518
305,81 South Elliot Road,Chapel Hill,NC,27514
306,41 Miller Street,Winston-Salem,NC,27104
307,3202 West Friendly Avenue,Greensboro,NC,27408-7604
308,5055 Arco Street,Cary,NC,27519
309,3804 Oleander Drive,Wilmington,NC,28403
310,6610 Fairview Rd.,Charlotte,NC,28210
311,621 Broad Street,Durham,NC,27705
312,8710 Six Forks Rd,Raleigh,NC,27615
313,3540 Wade Ave,Raleigh,NC,27607
314,6055 O Street,Lincoln,NE,68510
315,10020 Regency Circle,Omaha,NE,68114
316,121 South River Rd,Bedford,NH,03110
317,255 Amherst Street,Nashua,NH,03063
318,645 Middlesex Avenue,Metuchen,NJ,08840
319,701 Bloomfield Ave,Montclair,NJ,07042
320,471 State Route 35 North,Red Bank,NJ,07701-5036
321,633 Broad Street,Newark,NJ,07102
322,940 Route 73 North,Marlton,NJ,08053
323,1933 State Road 35,Wall,NJ,07719
324,1255 Raritan Road Unit 150,Clark,NJ,07066
325,113 Route 9 South,Marlboro,NJ,07726
326,3495 US Route 1 South,Princeton,NJ,08540
327,905 River Road,Edgewater,NJ,07020
328,222 Main St,Madison,NJ,07940
329,319 Chimney Rock Road,Bound Brook,NJ,08805
330,300 Bergen Town Center,Paramus,NJ,07652
331,1558 North Kings Highway,Cherry Hill,NJ,08034
332,235 Prospect Ave,West Orange,NJ,07052
333,110 Washington Street,Morristown,NJ,07960
334,44 Godwin Ave,Ridgewood,NJ,07450
335,45 Vervalen Street,Closter,NJ,07624
336,2245 Springfield Ave.,Vauxhall,NJ,07088
337,5815 Wyoming Blvd NE,Albuquerque,NM,87109
338,753 Cerrillos Rd,Santa Fe,NM,87505
339,2103 Carlisle Boulevard NE,Albuquerque,NM,87110
340,6689 Las Vegas Blvd.,Las Vegas,NV,89119
341,8855 West Charleston Blvd.,Las Vegas,NV,89117
342,7250 W. Lake Mead Blvd.,Las Vegas,NV,89128
343,6139 S. Virginia Street,Reno,NV,89502
344,100 S. Green Valley Pkwy,Henderson,NV,89012
345,3139 Sheridan Dr,Amherst,NY,14226
346,292 Ashland Place,Brooklyn,NY,11217
347,Westchester's Ridge Hill,Yonkers,NY,10710
348,1095 Avenue of the Americas,New York,NY,10036
349,238 Bedford Ave,Brooklyn,NY,11249
350,1551 3rd Ave,New York,NY,10128
351,100 W 125th St.,New York,NY,10027
352,429 North Broadway,Jericho,NY,11753-2106
353,110 Bloomingdale Road,White Plains,NY,10605-1503
354,10 Columbus Circle,New York,NY,10019
355,4 Union Square South,New York,NY,10003
356,575 Boston Post Road,Port Chester,NY,10573
357,214 3rd Street,Brooklyn,NY,11215
358,95 East Houston St,New York,NY,10002
359,480 N Bedford Road,Chappaqua,NY,10514
360,2101 Northern Blvd,Manhasset,NY,11030
361,808 Columbus Avenue,New York,NY,10025
362,226 East 57th Street,New York,NY,10022
363,1425 Central Ave,Albany,NY,12205
364,250 7th Ave,New York,NY,10001
365,270 Greenwich Street,New York,NY,10007
366,Lake Grove Commons,Lake Grove,NY,11755
367,1555 W. Lane Ave,Upper Arlington,OH,43221
368,19607 Detroit Road,Rocky River,OH,44116
369,3670 W. Dublin-Granville Rd,Columbus,OH,43235
370,2693 Edmondson Rd.,Cincinnati,OH,45209
371,5805 Deerfield Boulevard,Mason,OH,45040
372,13998 Cedar Rd.,University Heights,OH,44118
373,4100 Easton Gateway Drive,Columbus,OH,43219
374,1745 W. Market Street,Akron,OH,44313
375,1050 Miamisburg Centerville Road,Dayton,OH,45458
376,50 Wall St,Orange,OH,44122
377,6001 N. Western Ave.,Oklahoma City,OK,73118
378,1401 East 41st Street,Tulsa,OK,74105
379,9136 S. Yale Ave.,Tulsa,OK,74137
380,4771 Yonge Street,Toronto,ON,M2N 5M5
381,3997 Highway 7,Markham,ON,L3R 5M6
382,155 Square One Dr.,Mississauga,ON,L5B 0E2
383,951 Bank Street,Ottawa,ON,K1S 3W7
384,1860 Bayview Ave.,Toronto,ON,M4G 3E4
385,87 Avenue Rd,Toronto,ON,M5R 3R9
386,301 Cornwall Rd.,Oakville,ON,L6J 7Z5
387,2825 East Burnside St.,Portland,OR,97214
388,1210 NW Couch St,Portland,OR,97209
389,11 S State St.,Lake Oswego,OR,97034
390,353 E Broadway,Eugene,OR,97401
391,7380 SW Bridgeport Rd.,Tigard,OR,97224
392,3535 NE 15th Ave.,Portland,OR,97212
393,12220 SW Scholls Ferry Road,Tigard,OR,97223
394,2610 Highway 20,Bend,OR,97701-6261
395,4301 NE Sandy Blvd.,Portland,OR,97213
396,19440 NW Cornell Rd.,Hillsboro,OR,97124
397,1563 Fruitville Pike,Lancaster,PA,17601
398,821 W. Lancaster Ave,Wayne,PA,19087
399,111 Siena Drive,Upper St. Clair,PA,15241
400,3737 West Chester Pike,Newtown Square,PA,19073
401,10576 Perry Highway,Wexford,PA,15090
402,2101 Pennsylvania Avenue,Philadelphia,PA,19130
403,1575 The Fairway,Jenkintown,PA,19046
404,1111 North Bethlehem Pike,Spring House,PA,19477
405,175 N. Pottstown Pike,Exton,PA,19341
406,929 South Street,Philadelphia,PA,19147
407,500 W. Germantown Pike,Plymouth Meeting,PA,19462
408,15 East Wynnewood Rd,Wynnewood,PA,19096
409,750 N. Krocks Road,Allentown,PA,18106
410,475 Wilmington,Glen Mills,PA,19342
411,5880 Centre Ave.,Pittsburgh,PA,15206
412,261 Waterman St,Providence,RI,02906
413,151 Sockanosset Cross Road,Cranston,RI,02920
414,601 N Main St,Providence,RI,02904
415,50 Shelter Cove Lane,Hilton Head Island,SC,29928
416,1125 Savannah Highway,Charleston,SC,29407
417,1140 Woodruff Road,Greenville,SC,29607
418,702 Cross Hill Rd + Fort Jackson Blvd,Columbia,SC,29205-2084
419,923 Houston Northcutt Blvd,Mount Pleasant,SC,29464
420,1566 West McEwen Drive,Franklin,TN,37067
421,6730 Papermill Drive,Knoxville,TN,37919
422,301 Manufacturers Rd,Chattanooga,TN,37405
423,7825 U.S. Highway 72,Germantown,TN,38138-3906
424,4021 Hillsboro Pike,Nashville,TN,37215
425,5014 Poplar Avenue,Memphis,TN,38117
426,6601 S. Fry Road,Katy,TX,77494
427,525 N Lamar Blvd.,Austin,TX,78703
428,100 Pitt Street,El Paso,TX,79912
429,18403 Blanco Road,San Antonio,TX,78258
430,2201 Preston Road,Plano,TX,75093
431,4004 Bellaire Blvd,Houston,TX,77025
432,12601 Hill Country Blvd,Bee Cave,TX,78738
433,"5100 Belt Line Road, Suite 1012",Addison,TX,75254
434,11920 Domain Drive,Austin,TX,78758
435,10133 Louetta Road,Houston,TX,77070
436,701 Waugh Drive,Houston,TX,77019
437,4801 Colleyville Blvd,Colleyville,TX,76034
438,1700 Post Oak Blvd,Houston,TX,77056
439,The Shops at Highland Village,Highland Village,TX,75077
440,15900 Southwest Freeway,Sugar Land,TX,77478
441,2118 Abrams Road,Dallas,TX,75214
442,4301 W. William Cannon,Austin,TX,78749
443,1925 Hughes Landing Blvd.,The Woodlands,TX,77380
444,2510 McKinney Ave,Dallas,TX,75201
445,101 N. Loop W.,Houston,TX,77018
446,"255 E. Basse Rd, Ste. 130",San Antonio,TX,78209
447,5001 183 Toll Road,Cedar Park,TX,78613
448,11700 Preston Rd,Dallas,TX,75230
449,3720 Vision Drive,Fort Worth,TX,76109
450,6741 N MacArthur Blvd,Irving,TX,75039
451,"8190 Park Lane, Suite 351",Dallas,TX,75231
452,801 East Lamar Blvd.,Arlington,TX,76011
453,Fairview Town Center,Fairview,TX,75069
454,11041 Westheimer Rd.,Houston,TX,77042
455,9607 Research Blvd.,Austin,TX,78759
456,4100 Lomo Alto Dr,Highland Park,TX,75219
457,2955 Kirby Dr,Houston,TX,77098
458,1407 South Voss Rd,Houston,TX,77057
459,CityLine DFW,Richardson,TX,75082
460,1131 E. Wilmington Ave.,Salt Lake City,UT,84106
461,544 South 700 East,Salt Lake City,UT,84102
462,6930 S. Highland Drive,Cottonwood Heights,UT,84121
463,6598 N Landmark Drive,Park City,UT,84098
464,1797 Hydraulic Road,Charlottesville,VA,22901
465,1700 Duke St,Alexandria,VA,22314
466,11660 Plaza America Dr,Reston,VA,20190
467,4501 Market Commons Dr,Fairfax,VA,22033
468,11173 West Broad Street,Glen Allen,VA,23060
469,8402 Old Keene Mill Rd,Springfield,VA,22152
470,7511 Leesburg Pike,Falls Church,VA,22043
471,"520 12th St. South, Suite 100",Arlington,VA,22202
472,143 Maple Ave East,Vienna,VA,22180
473,1800 Laskin Road,Virginia Beach,VA,23454
474,12090 Jefferson Ave.,Newport News,VA,23606
475,19800 Belmont Chase Drive,Ashburn,VA,20147
476,2700 Wilson Blvd,Arlington,VA,22201
477,1026 NE 64th Street,Seattle,WA,98115
478,1030 Lakeway Drive,Bellingham,WA,98229
479,2001 15th Avenue W,Seattle,WA,98119
480,3515 Bridgeport Way West,University Place,WA,98466
481,2800 196th St. SW,Lynnwood,WA,98036
482,17991 NE Redmond Way,Redmond,WA,98052
483,815 Southeast 160th Avenue,Vancouver,WA,98683
484,1001 Broadway,Seattle,WA,98122
485,888 116th Ave NE,Bellevue,WA,98004
486,12501 120th Ave NE,Kirkland,WA,98034
487,2210 Westlake Ave,Seattle,WA,98121
488,3313 University Ave,Madison,WI,53705
489,2305 N. Prospect Ave,Milwaukee,WI,53211
490,11100 W. Burleigh Street,Wauwatosa,WI,53222
